DBH,H_tree
1.82,3.66
0.8,1.3
7.3,6.5
5.5,7.1
29.4,25.0
19.4,26.5
2.4,4.6
15.3,13.1
27.5,21.2
24.8,18.3
3.5,1.4
8.6,12.8
16.2,9.8
14.0,13.3
3.1,3.54
9.2,3.35
3.0,3.5
20.9,23.7
9.2,5.2
25.7,25.3
1.82,3.02
16.6,12.6
25.5,21.3
34.7,25.4
10.9,13.8
12.3,10.4
27.4,19.0
24.5,20.3
30.2,20.3
8.65,12.7
16.1,14.8
45.4,23.7
18.0,22.4
4.0,4.5
17.0,18.75
4.0,5.7
21.0,23.0
2.0,1.17
14.5,16.2
32.9,29.4
2.8,4.8
15.8,10.1
8.2,11.2
4.3,6.7
2.1,4.6
5.4,4.52
24.0,17.25
4.7,3.3
19.5,21.2
10.7,10.3
6.1,11.5
24.0,24.2
24.3,23.7
20.6,15.3
11.0,9.1
1.5,3.8
32.8,22.6
23.9,21.4
15.75,14.1
8.4,10.6
22.2,19.8
47.8,25.6
17.6,18.4
2.9,3.5
2.8,5.6
1.1,2.7
10.9,6.8
15.1,14.5
16.5,17.3
25.2,17.6
32.0,23.1
1.8,2.6
6.1,5.2
8.3,6.56
6.6,11.8
28.0,20.0
0.48,1.57
8.7,16.1
32.9,23.3
23.8,22.6
4.2,6.9
17.6,11.3
30.0,24.0
11.8,8.7
14.0,20.7
7.02,9.4
21.7,14.9
11.5,11.9
27.2,18.1
12.7,13.3
7.26,8.34
16.1,18.7
13.7,10.8
47.4,23.9
8.0,7.7
10.4,15.2
28.0,22.1
18.5,15.0
4.2,4.24
5.7,10.1
10.2,11.8
22.5,22.8
17.8,19.5
2.0,4.3
6.7,8.6
16.7,14.4
35.4,22.3
21.6,20.8
1.5,1.91
0.5,1.7
13.7,12.5
24.0,25.6
18.1,19.1
11.7,15.8
12.8,19.0
19.3,19.7
4.7,6.5
4.0,7.3
34.5,26.1
5.18,7.95
15.0,13.0
16.4,12.6
33.2,20.2
43.8,28.8
9.6,12.5
1.65,3.67
6.0,9.4
19.8,21.2
8.3,7.6
8.0,15.8
36.0,25.5
23.1,22.8
18.0,21.1
3.5,4.8
1.1,1.6
0.6,0.33
1.7,3.5
5.9,5.1
3.89,6.0
15.0,14.1
12.2,11.2
9.9,11.9
10.0,8.8
5.8,8.4
32.0,18.0
12.5,10.8
3.37,7.77
7.5,6.2
24.3,20.8
8.3,6.76
10.0,6.93
4.3,3.4
21.3,19.3
10.2,15.0
4.0,7.0
6.5,7.3
29.7,21.4
41.0,24.7
23.7,21.5
9.0,11.8
23.7,12.7
5.5,9.7
11.3,10.5
13.4,12.1
0.3,0.72
7.55,8.86
9.73,7.82
1.6,2.2
21.7,19.0
2.9,5.4
12.5,14.8
42.0,25.6
23.1,23.1
14.0,15.4
10.2,11.8
32.0,23.8
15.5,15.0
2.6,5.1
9.1,12.3
2.4,2.1
12.0,14.1
1.2,2.09
23.6,19.5
19.5,20.1
16.7,18.0
32.2,26.1
13.1,14.4
35.0,28.0
0.4,0.81
18.0,17.3
20.8,13.4
12.9,14.0
12.2,19.1
13.2,17.75
13.7,11.0
9.8,6.8
13.3,18.6
8.4,10.0
21.3,16.5
12.3,19.1
14.7,11.3
7.9,6.57
8.7,6.1
4.0,4.18
13.3,10.1
11.9,14.7
4.0,8.4
6.5,8.0
2.0,3.2
6.5,8.8
2.8,4.6
30.2,24.3
36.5,21.5
10.4,10.9
31.5,15.2
11.66,12.6
28.5,21.8
1.2,3.0
4.38,5.1
28.0,20.2
2.4,3.6
1.2,1.77
22.0,17.4
2.0,2.41
22.4,21.6
6.6,5.3
14.4,14.7
3.0,5.0
3.2,3.1
18.3,15.0
4.2,4.9
4.0,6.8
31.0,21.5
20.9,10.5
3.2,3.15
6.4,11.0
14.6,12.1
18.15,18.67
18.5,19.5
1.8,2.31
4.5,7.84
0.55,0.9
17.0,22.0
16.0,11.9
28.8,23.4
6.3,8.16
5.9,9.4
8.9,8.9
12.2,9.0
7.3,10.8
0.5,0.8
10.7,13.0
10.9,12.5
3.2,2.85
20.0,21.9
14.4,20.8
16.0,17.5
7.8,7.7
33.3,22.0
5.5,8.3
1.1,1.9
27.2,23.8
1.0,1.4
15.5,15.0
6.0,9.7
8.2,10.5
7.5,8.9
9.0,12.5
18.5,21.6
10.8,13.0
11.2,12.0
8.45,9.1
11.4,10.6
24.4,21.9
22.3,16.5
20.55,23.0
5.5,6.2
10.0,12.0
8.8,7.18
14.8,17.9
0.2,1.5
8.6,12.7
8.8,13.52
13.5,19.1
4.2,3.97
38.0,24.8
4.18,3.8
12.5,13.8
13.9,13.7
17.1,16.1
3.5,4.3
44.0,20.2
24.1,22.2
15.5,7.3
8.0,6.46
3.2,3.1
20.2,23.3
12.2,17.9
18.9,19.5
18.5,15.0
20.0,20.4
6.2,5.9
7.13,7.33
19.7,20.7
1.02,0.56
33.8,23.6
3.0,6.0
23.6,28.0
1.9,0.56
27.6,23.9
12.6,10.3
10.6,11.9
4.7,4.4
3.7,7.3
10.2,10.7
2.93,3.65
10.6,13.7
19.8,16.8
8.0,12.1
2.0,2.2
2.3,4.2
7.5,10.9
17.4,18.8
13.5,15.1
4.1,7.8
7.7,11.1
11.6,15.7
11.0,7.0
12.0,14.0
14.9,10.3
7.6,7.1
20.6,15.4
12.0,7.52
18.4,15.8
16.0,12.4
7.1,7.3
24.9,21.4
15.4,13.06
14.2,20.3
24.0,22.6
36.4,24.1
10.0,6.97
10.3,11.9
12.0,13.5
3.5,6.0
17.0,21.6
21.7,19.0
1.7,2.26
3.03,7.36
8.0,6.9
14.6,12.93
23.6,21.8
13.3,8.7
32.0,29.6
10.0,12.5
17.4,15.5
20.7,19.6
12.2,10.6
18.4,15.2
25.4,21.6
17.5,6.5
18.4,23.0
7.1,6.9
13.0,15.4
16.0,10.9
5.0,12.8
15.1,15.4
13.1,7.29
8.0,5.03
4.0,6.0
13.8,18.4
23.2,20.8
12.7,13.8
31.0,20.3
12.0,17.0
0.9,2.41
2.0,3.0
3.2,4.5
3.8,6.7
29.9,18.6
8.2,9.6
13.05,14.8
9.5,12.1
9.5,11.6
39.2,25.1
5.6,4.6
12.0,15.0
6.9,4.8
3.16,8.0
13.5,14.8
8.0,9.7
3.0,6.2
9.91,10.2
21.0,23.6
8.0,8.9
26.4,21.7
17.1,14.7
54.0,28.9
19.8,21.3
8.7,8.9
35.3,28.0
2.7,2.5
10.1,11.8
21.3,14.9
5.3,7.3
6.1,2.6
33.1,25.3
28.1,19.2
16.5,22.0
1.7,2.47
23.0,17.9
5.4,2.4
11.7,11.8
16.9,21.6
4.2,4.08
2.6,3.32
7.0,8.8
29.3,22.9
2.2,0.64
3.5,1.68
8.9,11.4
1.8,0.65
3.6,7.1
15.5,16.5
7.0,10.8
20.0,19.0
1.8,1.12
7.3,4.54
1.59,2.5
14.5,20.2
9.0,6.84
1.4,1.74
11.5,11.5
35.4,23.4
24.6,19.8
1.18,0.66
3.9,6.8
13.2,10.2
15.3,13.65
1.8,3.0
12.0,13.3
14.9,19.0
12.7,16.0
2.9,5.5
10.8,14.7
0.9,1.9
29.5,25.0
5.78,4.84
18.0,18.0
42.7,24.6
6.1,8.2
4.8,1.23
10.2,14.2
8.0,4.1
22.2,19.7
4.8,4.8
8.5,12.7
9.6,12.5
0.7,1.22
0.55,1.15
5.09,5.13
24.0,22.2
2.0,4.91
25.6,23.0
17.8,21.2
8.2,8.43
18.0,17.7
14.0,14.7
23.6,19.07
19.0,18.0
11.3,10.7
30.5,24.1
27.9,21.9
11.3,9.95
17.5,21.6
25.3,20.2
1.03,0.64
17.0,15.6
6.9,12.0
0.55,0.91
22.65,16.2
8.9,14.1
4.1,7.6
10.2,12.2
8.9,9.9
1.4,2.7
12.0,11.2
33.4,24.6
10.9,14.1
28.0,16.8
24.0,19.4
8.35,6.72
9.2,12.8
4.0,6.0
13.5,14.0
6.6,7.5
23.2,18.2
11.7,13.2
6.7,9.3
28.0,20.6
12.6,14.6
39.3,26.9
10.1,10.6
25.5,22.6
22.4,21.0
10.0,10.3
19.8,15.35
18.7,17.5
28.7,24.0
12.5,10.9
2.0,4.0
2.0,4.2
17.1,17.0
1.61,4.59
25.8,24.8
4.6,5.15
16.2,21.4
17.6,20.6
12.1,10.7
12.8,12.5
9.55,12.68
6.9,8.4
3.9,5.8
16.4,14.6
16.8,14.1
1.6,2.3
3.02,3.18
15.1,9.6
19.3,22.6
2.3,3.8
6.1,5.7
14.0,14.6
23.0,20.3
1.0,1.75
6.4,8.7
6.0,7.7
14.0,13.0
5.7,8.3
18.5,20.2
14.6,17.4
4.5,7.3
5.6,6.5
0.9,1.35
1.3,1.9
18.7,16.1
4.0,4.02
28.0,25.7
22.0,18.2
13.5,12.6
22.0,21.2
20.0,21.5
1.8,2.4
28.0,24.7
22.0,20.6
10.6,18.3
18.5,15.1
8.3,11.4
36.2,24.4
16.0,8.2
10.0,7.0
12.0,18.8
3.4,6.4
9.5,14.9
5.8,7.33
11.7,11.0
4.1,4.35
14.6,15.4
8.5,8.5
26.2,25.5
8.7,10.4
18.6,18.5
15.7,22.0
1.2,0.69
3.83,5.39
17.0,20.6
2.4,3.0
14.7,12.8
4.9,4.76
7.0,8.2
11.0,10.4
0.81,2.11
10.6,5.9
1.0,1.5
4.53,4.4
5.3,7.84
6.2,5.9
13.7,14.7
4.0,4.1
18.3,21.9
22.3,17.1
1.0,0.53
17.3,14.0
8.0,8.6
14.1,11.1
27.5,22.5
1.3,2.65
31.8,20.0
16.3,20.5
8.0,9.3
18.5,17.8
0.6,0.97
10.5,7.88
10.2,6.93
10.6,13.0
28.0,17.7
28.1,17.5
19.2,18.5
11.0,7.4
13.8,21.2
24.4,23.7
4.5,5.9
18.5,15.1
26.7,22.3
4.0,5.9
5.2,5.7
3.3,5.8
1.05,1.55
11.0,8.45
4.0,5.6
2.0,4.4
8.3,8.7
9.9,12.1
16.5,17.0
32.0,25.0
28.0,23.6
21.1,18.3
10.0,9.3
9.7,4.07
0.5,1.6
9.6,14.8
1.2,2.7
7.8,8.4
12.2,10.4
8.3,9.5
0.5,1.3
8.0,12.5
1.0,2.7
14.9,12.8
12.2,13.65
24.7,17.5
17.4,19.9
19.0,21.6
15.0,15.2
16.4,18.1
9.9,15.0
6.6,8.4
0.6,0.2
6.5,4.3
23.1,18.3
13.25,12.7
12.5,14.1
6.2,7.38
19.1,13.8
21.2,18.6
10.6,11.35
16.1,20.3
7.0,5.24
14.1,13.5
22.8,22.3
13.5,15.6
9.7,12.7
16.5,18.1
16.5,13.45
13.7,18.1
5.4,5.2
2.5,3.5
1.0,2.1
7.8,9.6
7.27,9.6
3.1,4.2
7.5,9.9
32.5,23.6
1.0,1.5
7.1,11.0
16.6,15.6
15.6,19.4
13.8,17.6
12.6,15.9
43.5,33.4
12.1,10.4
24.5,28.2
4.6,3.9
18.9,15.6
14.0,12.4
16.3,15.8
20.3,16.1
24.0,8.8
26.0,17.2
12.3,17.5
0.8,1.39
18.5,20.9
26.7,21.4
7.62,6.4
5.1,7.0
3.2,4.2
17.0,20.0
8.8,10.6
9.0,14.7
12.9,10.35
6.0,5.37
0.5,0.95
9.54,9.88
7.85,11.1
6.2,4.22
5.5,4.4
29.4,23.1
12.1,16.8
15.6,14.3
1.8,3.1
24.3,21.7
7.2,8.2
17.4,19.8
9.1,8.4
6.0,4.9
1.78,3.76
24.0,24.1
26.1,18.6
1.0,1.9
14.9,17.3
16.2,16.1
3.0,4.66
3.0,2.9
13.8,16.0
8.7,10.0
16.7,20.0
15.0,13.8
14.8,16.83
8.9,8.6
4.2,6.7
6.7,9.1
12.7,7.22
20.8,20.3
7.2,8.0
8.4,9.3
39.0,25.1
8.6,13.5
4.1,5.9
13.8,15.4
14.0,11.2
4.1,5.3
26.3,17.8
26.3,21.2
11.6,10.7
26.3,20.4
9.9,11.08
34.8,24.1
42.0,21.35
7.0,10.9
44.0,28.8
9.3,11.0
24.3,21.6
6.2,5.8
1.84,2.43
6.4,8.6
16.0,14.8
11.8,13.0
8.1,12.0
14.2,17.6
1.6,4.2
6.0,10.5
18.4,19.2
18.0,17.4
24.9,27.0
25.0,23.3
11.5,14.6
4.7,6.0
13.2,16.6
7.6,11.0
17.6,20.7
15.0,17.0
4.0,6.5
37.8,23.4
1.0,1.87
6.1,9.6
11.6,12.2
8.78,6.64
5.2,7.9
21.7,20.3
27.2,19.3
0.7,1.15
5.77,6.05
12.0,9.5
2.5,4.7
9.8,8.3
14.0,17.9
8.4,10.6
1.0,1.78
17.8,19.2
23.7,22.7
12.0,6.66
10.2,15.8
18.5,24.0
24.2,15.4
11.9,18.1
11.9,10.7
2.9,3.17
15.0,11.8
5.1,4.9
16.75,16.21
5.5,4.1
13.55,13.6
7.0,8.4
37.5,26.1
32.2,24.1
30.5,26.0
23.2,21.0
6.2,7.3
12.0,10.8
42.8,19.6
7.8,8.2
6.39,11.6
20.3,16.1
20.0,12.0
26.5,20.2
13.8,14.6
16.0,16.3
0.95,1.55
4.1,9.4
7.0,8.9
12.1,11.4
4.3,4.9
1.0,2.3
36.9,22.8
12.3,12.0
6.4,6.56
10.5,15.6
28.0,24.3
25.0,22.3
16.0,20.4
23.4,19.6
15.6,16.7
36.2,25.7
5.37,6.38
12.0,15.4
1.0,1.97
22.5,20.0
27.5,24.1
12.9,10.5
1.4,3.2
17.6,14.4
9.2,11.1
0.5,1.02
4.8,5.8
27.7,24.7
8.4,9.8
5.7,7.65
4.01,6.2
3.0,6.7
5.2,8.5
10.4,8.7
6.86,7.06
19.7,20.4
1.39,2.56
14.8,17.9
12.9,8.3
13.3,13.5
6.2,7.4
10.0,10.4
26.5,26.6
3.1,4.0
13.0,15.0
7.0,10.9
15.5,20.7
15.5,11.8
9.3,10.7
1.05,1.95
9.18,9.25
5.25,7.57
13.7,13.3
7.5,7.13
15.1,14.7
1.15,1.65
0.9,1.7
27.2,23.6
14.0,14.9
0.75,1.3
10.4,8.5
1.74,2.5
17.8,17.2
12.1,9.6
20.0,15.9
5.7,4.15
17.8,19.0
5.55,5.8
4.0,8.8
26.2,21.9
14.0,13.5
15.0,16.0
4.8,9.6
12.5,16.6
6.6,7.25
18.6,18.3
7.5,5.22
4.5,6.7
7.7,8.8
6.0,5.7
27.9,19.7
24.0,15.05
14.0,11.5
1.9,2.0
6.0,5.1
9.8,13.2
11.0,14.4
11.2,12.2
9.2,6.5
10.1,8.1
0.8,1.61
4.3,8.4
4.5,3.85
28.8,23.5
1.25,1.85
3.0,5.57
10.9,9.5
19.7,24.0
8.3,10.6
16.8,11.3
2.3,3.6
24.1,23.3
2.4,2.4
13.7,14.6
37.2,17.7
3.7,4.9
10.4,13.2
29.2,24.5
0.8,1.24
11.65,12.87
2.2,3.03
25.6,21.8
10.25,10.5
5.0,8.3
5.0,8.0
10.0,15.6
14.3,17.3
25.2,23.6
8.25,8.12
18.7,20.0
13.8,12.8
33.5,23.8
19.35,16.6
5.2,7.4
21.5,17.0
8.4,6.9
0.5,1.03
4.0,2.2
20.4,22.0
27.75,20.35
16.0,19.2
3.4,3.2
21.5,15.8
9.3,10.7
16.7,15.37
6.9,6.0
17.5,18.2
5.8,10.4
19.9,17.0
4.0,7.1
21.2,16.8
7.5,8.0
5.2,4.65
4.2,6.0
10.3,10.0
17.6,13.7
16.4,19.0
38.9,20.87
37.1,18.8
14.5,15.9
8.1,8.0
14.7,9.3
3.9,1.73
16.5,19.6
21.1,15.8
8.2,15.2
19.3,18.4
13.6,7.8
25.7,21.2
24.9,23.5
20.0,19.1
16.1,18.0
20.8,14.2
1.5,1.85
14.3,19.8
1.8,2.67
22.6,22.1
13.9,13.3
15.3,25.5
16.6,14.9
1.3,2.8
18.4,14.8
9.8,5.3
12.5,14.6
21.0,20.8
12.0,14.1
21.75,15.2
16.9,21.4
16.0,19.8
0.9,2.5
35.7,22.8
17.3,17.3
10.15,10.3
11.6,11.8
9.98,8.57
20.9,15.6
4.0,5.7
17.2,17.4
18.4,17.5
14.5,16.1
21.0,21.4
20.1,22.1
1.8,2.02
22.7,17.7
9.0,6.66
3.2,2.25
14.1,20.2
20.9,20.5
24.35,17.8
0.34,1.29
1.7,3.5
4.5,5.54
20.0,22.3
2.0,4.0
27.1,21.5
4.0,3.84
1.2,0.66
27.0,24.1
24.4,19.4
7.2,9.1
19.4,12.5
5.0,7.9
23.1,18.4
8.5,13.8
10.2,12.0
6.4,12.1
0.9,3.1
5.7,9.1
12.3,14.7
12.2,5.7
21.9,23.2
27.5,24.8
10.4,15.1
9.87,9.9
36.3,20.88
20.0,21.0
3.2,4.05
10.75,11.0
23.5,17.5
0.8,1.45
10.5,6.3
5.0,7.0
10.9,13.2
3.71,3.8
10.9,14.4
16.9,20.4
8.0,7.6
35.9,24.1
2.2,4.9
16.0,19.2
18.1,18.0
27.0,19.5
0.8,2.7
10.5,16.3
13.7,20.6
13.9,10.7
14.5,11.9
9.9,5.9
16.2,12.2
16.1,18.2
14.0,8.9
21.8,19.0
2.0,3.1
17.3,15.8
0.8,1.35
4.2,7.4
10.4,11.0
5.9,2.29
0.8,2.1
20.5,22.2
12.9,15.5
6.86,7.9
6.5,6.1
24.2,20.7
27.0,20.0
1.0,1.88
2.1,2.06
2.8,6.4
9.0,8.24
19.6,22.1
24.0,20.7
13.6,11.9
21.6,23.5
19.9,20.0
9.6,12.3
12.6,12.9
28.25,19.13
5.4,6.0
5.0,4.5
34.2,15.6
6.7,9.18
12.8,11.5
2.7,3.82
40.1,23.3
8.0,5.8
18.0,19.9
20.0,18.4
8.3,8.6
3.4,3.85
8.8,14.9
9.07,11.8
17.9,14.2
2.41,2.4
13.7,19.1
23.5,17.3
4.0,5.9
4.1,9.0
38.5,23.7
24.0,26.5
8.6,8.7
18.6,16.4
13.5,16.0
12.3,11.0
17.6,22.4
3.5,4.3
19.75,17.52
24.8,24.2
24.1,24.8
6.2,7.1
5.3,5.2
4.2,5.9
14.4,13.2
11.9,11.5
27.4,22.7
8.1,9.14
22.0,21.0
1.5,2.27
13.7,13.2
13.9,15.3
9.8,10.1
7.6,9.0
10.3,9.6
3.5,6.8
10.75,14.1
3.9,5.4
3.0,2.87
1.6,2.02
5.4,4.55
8.0,9.0
26.5,21.1
19.5,21.4
12.5,18.0
4.7,3.86
1.8,2.78
23.6,24.7
8.0,10.1
3.98,6.49
10.4,13.48
21.8,18.5
11.6,4.1
16.4,16.7
19.6,18.5
7.3,13.1
28.1,22.6
32.2,24.0
17.0,15.5
13.9,15.6
10.9,8.4
8.5,11.8
7.3,7.3
28.5,21.5
31.2,26.9
2.8,3.4
23.5,16.7
25.2,28.0
8.1,11.6
16.0,16.4
5.5,8.8
17.9,13.0
5.5,5.56
8.0,9.9
1.5,2.12
0.85,3.15
14.9,18.6
0.6,1.02
20.0,25.2
3.2,5.7
7.0,8.05
3.5,5.8
3.0,3.6
14.4,17.2
26.8,23.8
15.7,18.6
19.3,20.1
16.0,17.1
20.6,16.4
6.4,8.7
24.3,21.4
8.9,8.24
4.9,6.0
2.0,1.68
6.8,6.86
15.4,16.5
8.0,7.9
15.6,15.3
11.4,18.9
9.5,11.01
18.0,19.0
15.0,14.4
28.7,17.9
1.0,1.6
20.0,21.1
10.0,8.92
2.0,4.73
7.0,10.5
5.9,5.68
17.8,19.1
24.4,20.6
0.67,0.43
7.6,6.8
19.0,22.8
7.5,8.9
6.9,7.8
10.0,15.4
1.4,2.2
14.3,13.6
10.0,11.6
11.6,17.7
16.5,21.8
27.45,19.05
8.6,12.7
7.4,7.11
27.9,23.8
3.82,5.57
19.3,22.5
4.95,4.76
11.8,15.0
10.3,12.0
7.1,5.83
8.6,6.6
4.3,8.9
11.6,9.8
10.1,10.0
10.5,13.5
5.8,9.6
23.5,18.25
11.3,13.7
50.4,25.3
19.4,19.6
13.8,13.1
18.1,19.1
37.9,16.5
10.1,11.2
43.9,22.3
5.8,6.6
9.0,9.3
13.4,10.75
16.0,16.1
3.9,3.58
4.85,7.74
15.2,9.45
20.0,18.5
5.51,10.5
11.6,9.92
0.35,0.73
11.2,17.7
27.5,22.6
6.5,12.2
6.0,9.2
12.0,13.0
18.1,16.6
23.0,22.6
4.8,8.1
20.0,20.0
5.1,6.1
13.4,14.4
12.85,13.9
15.2,15.4
28.0,19.8
8.1,4.1
32.5,25.3
11.9,10.7
4.0,6.3
4.0,6.2
22.4,21.6
1.7,3.8
3.0,3.6
35.5,26.8
6.7,8.58
17.2,16.1
8.8,9.5
13.9,12.9
10.0,13.3
15.1,19.2
13.8,17.0
28.9,24.0
13.0,12.0
7.0,7.1
24.3,24.5
32.0,21.6
1.0,1.72
22.3,15.5
4.1,7.4
34.4,19.86
18.4,17.9
13.0,9.0
10.0,9.4
4.0,7.22
2.82,7.06
23.2,21.4
17.8,18.0
5.7,5.4
16.3,17.3
2.2,2.1
6.3,7.9
16.0,15.6
7.7,11.3
4.2,9.0
3.9,7.1
7.0,12.1
27.0,22.7
1.1,1.62
9.8,11.08
34.3,17.4
9.9,6.1
18.0,18.3
0.8,1.25
8.8,11.0
36.5,26.0
6.5,7.94
10.2,9.33
2.0,2.2
5.4,5.3
28.7,24.9
8.4,11.1
6.0,8.5
21.8,19.5
7.3,8.42
16.0,14.7
3.5,3.41
40.5,25.9
4.5,9.4
10.2,9.4
11.7,9.5
17.0,16.4
30.0,21.3
7.72,6.9
10.0,7.22
6.8,8.1
1.1,2.6
5.1,4.1
33.7,25.9
9.1,12.2
0.8,1.4
24.9,24.9
12.8,14.9
14.3,15.0
29.3,24.5
4.1,6.4
2.0,4.7
6.25,8.99
17.3,11.2
14.0,17.4
4.0,4.85
13.8,16.3
5.1,7.9
36.0,18.7
9.7,14.2
0.7,1.25
16.1,16.51
14.4,11.83
1.2,1.7
14.0,16.6
8.1,13.3
28.0,20.0
12.0,17.0
6.5,5.1
7.1,6.05
3.0,3.3
0.4,0.23
16.2,19.1
4.0,4.2
23.0,18.7
20.2,16.5
25.0,18.7
8.4,10.6
2.1,4.3
3.82,6.51
3.0,6.9
1.2,2.07
29.7,22.4
32.2,21.1
20.5,20.4
12.0,8.9
9.9,9.27
15.4,14.4
14.8,16.5
1.95,1.77
22.5,20.0
8.0,9.4
14.9,12.2
10.3,12.1
11.2,10.4
5.7,7.61
16.2,20.4
15.6,16.3
13.2,7.93
13.0,19.8
12.7,18.5
12.0,12.8
22.2,23.0
14.0,16.3
19.7,18.5
29.7,22.8
11.0,16.7
15.0,10.0
12.4,14.8
4.0,3.44
13.0,13.0
21.9,24.7
16.1,19.0
1.0,1.91
17.5,21.7
16.1,19.2
8.1,12.1
9.1,10.7
17.9,17.0
6.7,9.4
2.97,2.72
4.4,7.3
0.8,1.84
6.1,7.8
31.0,17.8
3.3,3.4
7.38,5.15
28.0,20.6
4.1,6.1
30.0,22.9
15.8,15.2
6.0,4.21
1.9,4.8
35.0,24.3
2.5,3.4
27.7,15.24
32.5,23.7
2.6,3.58
3.94,6.5
17.0,17.2
22.55,16.0
12.0,17.8
8.5,12.4
3.1,5.4
27.0,24.5
1.0,1.45
3.0,7.7
24.05,19.6
18.6,14.2
6.0,5.4
9.3,13.2
19.9,17.4
12.1,12.5
27.5,22.0
6.02,4.65
22.3,22.2
25.5,21.5
22.5,26.5
28.9,22.9
12.7,5.5
18.8,21.2
10.2,14.3
10.3,11.22
13.9,16.9
2.9,5.4
14.6,18.1
14.4,15.4
5.2,9.6
4.7,10.2
1.31,3.46
10.6,11.3
36.1,18.9
11.9,12.35
24.2,20.9
35.0,25.9
28.3,22.3
21.2,19.5
12.5,10.6
20.3,17.5
13.4,20.2
18.2,22.5
7.7,9.7
1.3,1.2
12.4,15.1
19.7,13.3
10.1,9.7
4.7,8.8
4.89,6.91
6.0,5.23
12.0,14.0
26.6,20.3
24.2,22.8
24.4,20.9
20.7,17.5
8.69,11.7
0.6,1.2
14.3,10.6
28.5,18.1
0.9,2.2
31.0,26.3
0.5,1.7
7.8,13.1
37.3,25.9
11.6,16.8
18.9,22.4
22.8,23.8
0.7,1.15
15.7,15.9
16.0,19.4
9.4,10.5
13.2,18.9
16.0,8.27
5.9,3.5
14.1,14.9
1.9,2.8
30.0,25.4
29.25,24.0
4.2,5.9
16.0,16.6
10.4,13.2
7.2,8.24
22.4,19.7
24.7,14.8
16.3,18.0
15.0,15.1
28.5,19.1
0.63,1.63
17.2,14.8
7.0,9.7
14.0,17.0
19.6,19.2
7.5,7.86
27.5,25.7
29.2,23.1
14.5,18.5
20.0,20.6
1.55,3.36
3.0,5.3
8.7,13.4
34.1,27.2
3.0,3.37
32.4,22.4
1.3,2.6
6.0,5.38
9.3,10.8
17.0,21.6
14.0,10.9
18.0,17.7
24.5,17.7
3.1,5.8
8.3,10.5
8.1,10.9
9.5,9.6
22.6,25.6
4.6,3.2
12.1,11.8
33.6,26.4
2.2,5.3
14.1,16.1
26.0,20.4
8.0,8.8
4.5,6.4
2.8,4.5
5.0,4.5
10.3,11.3
11.15,8.25
7.3,7.8
10.2,6.67
7.9,8.2
2.38,2.6
6.4,9.5
10.0,12.7
4.2,6.4
14.5,15.7
11.3,5.5
7.9,10.0
5.6,6.9
19.4,17.64
22.0,20.5
1.0,0.43
11.9,7.38
27.3,21.9
9.5,7.93
22.8,21.0
13.8,10.3
4.3,7.7
14.5,18.1
12.3,10.6
9.6,10.1
15.4,10.7
10.5,14.0
6.4,9.8
16.2,18.5
7.0,8.6
12.5,13.6
21.5,14.7
7.6,12.0
10.0,10.4
6.3,9.0
4.0,7.4
6.82,7.69
45.7,16.8
15.9,17.3
21.9,21.1
18.33,16.2
1.5,1.83
10.5,13.5
0.7,1.1
36.0,23.4
11.4,10.5
13.2,10.0
2.3,3.0
13.8,16.5
19.3,18.3
9.4,10.8
0.63,1.92
4.0,1.6
12.7,14.3
2.2,4.9
29.2,25.0
4.0,6.5
7.0,5.85
17.0,14.4
5.6,5.5
16.1,19.1
16.0,19.7
24.25,16.1
13.5,14.3
0.68,0.43
5.5,4.15
9.7,13.8
1.1,2.4
3.0,6.7
17.9,16.4
25.0,20.8
32.0,25.0
30.7,22.1
0.85,1.45
11.5,15.7
27.3,23.2
14.0,9.5
11.5,8.06
14.8,14.8
8.7,11.8
10.4,11.92
18.0,18.2
14.0,16.0
8.0,7.8
2.8,4.4
20.7,15.7
24.1,22.9
8.1,8.5
14.7,8.9
10.0,11.1
20.2,22.0
17.1,18.6
8.9,10.0
15.65,15.2
0.8,1.3
22.7,23.1
34.0,24.0
2.8,5.2
27.4,21.3
9.0,13.6
2.8,3.62
7.3,6.6
3.4,4.5
0.8,1.4
4.6,7.1
18.1,21.9
5.55,4.45
3.5,2.6
12.15,16.4
9.5,7.1
23.4,22.1
19.3,14.5
13.5,19.7
14.1,14.7
9.0,5.9
0.4,0.91
11.8,13.4
10.0,11.4
6.8,7.45
12.2,10.3
20.8,13.4
8.7,11.4
22.3,17.1
0.8,0.265
17.0,13.6
14.1,14.5
46.5,26.6
0.6,1.4
27.5,19.6
12.5,13.9
25.6,16.0
31.8,20.4
32.3,21.1
14.3,15.4
13.4,16.3
24.0,17.1
5.3,7.8
7.3,10.3
12.9,16.1
6.0,7.6
8.5,9.26
18.0,17.8
4.5,6.6
8.0,12.8
25.0,24.1
13.7,12.3
3.46,4.22
10.3,11.2
22.4,15.4
18.5,17.2
24.0,22.3
22.1,17.5
24.1,20.0
26.0,23.0
46.0,21.7
0.88,2.86
27.8,24.2
24.1,21.6
5.5,5.3
3.7,4.26
8.3,8.0
8.0,8.0
30.4,24.3
9.1,6.8
8.4,10.9
10.0,13.7
23.6,17.28
25.7,21.2
5.0,6.3
28.5,20.6
6.1,5.5
0.4,0.82
4.3,7.18
43.9,30.8
2.1,2.35
8.0,8.4
6.1,5.16
19.8,15.6
29.5,29.0
19.0,18.7
7.7,5.9
2.2,2.3
25.0,18.6
1.3,1.9
10.6,9.7
4.6,4.5
1.1,1.85
6.25,8.4
2.3,2.87
9.0,8.5
5.7,5.13
6.8,8.25
22.3,18.8
1.0,3.1
12.4,17.3
13.1,11.35
12.1,15.8
3.2,4.49
3.3,5.5
0.7,1.25
5.9,4.9
32.2,22.2
7.8,8.7
7.8,9.4
25.9,23.5
2.1,3.5
20.0,11.7
15.3,14.0
17.0,26.9
26.6,22.7
34.8,21.7
5.6,4.3
0.5,1.5
22.0,20.8
9.4,13.7
1.87,3.7
0.5,1.4
5.4,9.2
14.0,7.23
0.7,1.1
22.0,13.7
5.4,6.46
29.3,24.2
6.0,10.6
20.0,18.8
6.1,8.2
6.5,6.42
20.7,18.5
11.4,16.5
10.6,11.1
28.8,23.4
26.4,22.6
0.8,1.35
40.4,24.8
10.3,13.5
20.3,18.7
4.1,7.4
19.8,22.1
26.5,17.4
25.6,24.8
34.5,25.5
22.4,13.4
9.4,9.56
22.2,24.5
9.9,11.18
12.9,14.5
13.2,12.3
5.2,5.83
1.3,1.5
7.6,8.35
13.6,18.4
3.7,5.6
23.0,14.0
27.5,22.4
5.0,6.3
14.4,16.1
17.7,22.6
35.0,26.3
8.9,7.7
6.8,7.7
22.0,18.2
4.0,5.4
6.7,6.1
11.4,17.0
2.1,0.73
1.67,3.09
26.9,21.4
4.5,3.11
10.6,11.2
6.7,5.19
12.6,16.1
1.1,3.0
31.7,27.9
9.7,9.0
32.3,18.0
33.5,19.39
11.1,16.3
36.0,27.4
12.7,15.6
10.2,8.3
14.3,7.58
24.6,20.3
4.18,3.22
18.9,11.76
18.8,15.0
5.2,9.6
19.3,16.76
20.1,22.4
25.4,22.4
11.8,14.3
9.93,10.3
25.1,22.3
23.0,17.6
1.0,1.74
2.02,3.36
4.1,7.1
10.1,9.6
1.03,3.0
4.0,7.0
43.5,26.3
35.8,22.2
24.8,21.7
8.0,7.2
24.1,24.8
5.5,5.44
22.9,21.8
26.2,21.3
12.0,12.9
22.4,21.6
7.6,9.3
12.0,9.3
18.0,18.2
24.0,17.7
0.8,1.4
4.4,7.0
1.2,3.0
8.9,13.2
2.4,5.2
30.8,23.1
6.0,5.02
35.2,23.0
18.0,12.6
4.9,4.94
30.1,21.2
3.2,5.8
2.8,5.05
30.8,23.5
12.3,17.7
23.6,20.6
6.6,10.2
7.15,10.15
26.0,23.0
28.0,25.7
4.2,6.0
0.5,1.5
30.5,20.0
14.0,19.7
18.5,15.5
20.0,19.7
8.2,11.9
30.2,20.9
8.9,11.7
9.3,13.9
9.0,6.66
4.8,4.6
6.58,4.4
13.7,17.8
9.3,11.1
29.6,25.1
21.5,23.6
3.5,7.2
7.8,9.4
5.0,8.5
10.4,12.0
13.2,10.1
18.25,16.1
8.6,10.8
14.8,16.0
31.0,24.2
30.5,25.0
30.5,21.4
5.1,7.5
5.6,8.6
8.45,10.4
9.6,9.0
12.3,14.3
33.4,21.2
2.2,4.76
11.7,11.9
30.5,23.7
20.9,21.5
11.2,13.8
6.6,7.6
22.2,23.5
3.0,3.89
10.2,10.1
20.2,20.9
8.0,10.2
6.0,9.9
46.0,26.5
11.5,15.3
40.0,19.1
6.0,5.8
7.0,5.69
13.4,13.5
6.0,9.0
25.0,22.0
19.9,23.3
2.2,4.5
12.6,15.5
14.35,15.1
13.6,17.8
4.9,7.7
16.5,16.4
38.6,21.3
24.5,17.46
7.5,8.4
13.3,14.3
31.0,21.1
2.7,5.5
7.6,11.0
12.6,11.1
3.9,2.56
0.79,2.36
18.4,18.1
4.0,7.3
39.9,23.6
7.8,10.6
16.3,16.5
15.8,16.9
34.0,21.3
10.4,10.3
17.9,22.3
20.0,18.6
2.0,5.21
15.3,10.58
17.3,17.1
22.2,16.6
16.5,20.4
39.2,23.1
16.0,18.6
9.4,13.0
22.5,21.9
36.0,27.8
34.0,29.3
31.5,23.2
11.0,15.7
31.2,23.0
17.9,19.9
8.1,12.0
2.0,3.0
6.1,6.17
37.2,21.7
23.2,21.2
15.8,14.6
0.95,1.56
7.2,9.2
8.0,11.9
16.4,17.5
5.2,8.3
6.5,11.1
20.0,19.6
6.0,8.4
3.36,4.1
25.8,25.4
2.5,5.2
5.91,10.3
6.2,9.4
28.0,18.6
27.0,30.3
2.1,2.6
7.8,8.0
4.2,3.2
10.0,6.04
2.3,1.78
16.2,20.4
2.9,1.0
6.84,7.2
4.9,6.6
28.0,18.0
4.5,4.41
9.3,9.2
1.15,0.66
22.1,13.4
8.4,10.8
16.1,12.9
28.8,17.1
16.2,20.9
17.85,20.25
10.0,6.7
22.0,19.4
9.4,9.0
10.2,13.2
1.0,2.4
11.0,14.8
6.4,10.5
3.0,5.9
19.0,22.1
3.0,3.16
20.3,21.3
8.6,7.5
9.9,15.0
8.1,8.4
7.8,10.3
4.6,5.1
1.0,2.5
6.3,5.91
4.1,8.4
6.8,7.6
12.5,15.8
15.5,13.6
31.9,27.8
1.02,0.64
6.1,8.2
7.9,8.4
11.3,11.5
4.76,6.6
4.3,4.7
2.82,2.94
8.0,11.8
7.5,6.4
11.0,7.15
17.8,14.4
6.2,4.81
30.0,20.4
10.3,10.4
6.35,9.25
1.2,0.64
0.9,2.2
17.0,15.5
21.5,21.0
6.2,11.8
1.65,2.01
8.0,12.5
36.3,26.2
4.6,4.72
12.9,11.0
6.4,10.0
10.4,13.2
9.2,14.0
14.3,15.0
30.0,20.7
16.0,18.0
3.9,6.8
35.3,24.1
8.9,6.5
35.7,24.8
8.4,10.2
9.8,12.4
5.7,5.97
5.2,5.2
4.0,3.3
11.0,13.9
2.1,6.0
7.5,3.5
16.3,14.2
11.5,13.4
4.78,7.4
1.1,0.67
24.5,20.1
16.2,13.15
23.8,21.6
14.1,16.9
8.25,8.5
6.0,8.2
31.5,21.4
16.0,11.2
15.0,13.55
7.0,9.03
21.5,20.6
20.2,19.9
25.0,24.5
10.0,8.2
11.0,9.65
22.0,15.2
16.1,19.3
1.0,1.5
0.5,1.7
5.2,5.61
20.8,20.7
17.3,16.6
2.8,5.7
13.55,15.0
28.3,19.5
7.0,10.0
0.9,1.46
8.0,8.0
9.89,12.5
15.0,15.4
4.1,6.3
19.5,16.1
12.4,15.0
10.0,13.6
15.0,14.3
4.2,5.0
16.1,19.1
13.9,11.9
0.85,1.4
9.6,10.6
6.9,11.2
9.4,13.5
0.35,0.54
13.7,12.7
32.3,20.4
12.2,14.4
19.1,19.1
11.5,9.58
34.8,22.9
2.3,4.9
7.0,6.25
12.5,13.8
16.6,16.7
22.5,23.5
4.8,4.46
2.7,4.6
6.3,7.85
7.1,7.9
2.1,3.6
6.9,8.4
13.75,13.4
8.6,8.9
10.5,12.9
10.4,13.8
6.2,8.85
26.9,18.8
21.2,21.5
8.8,9.3
13.9,12.8
8.7,7.8
6.6,6.2
5.2,4.27
2.0,2.37
8.0,5.0
40.0,20.6
0.4,0.62
16.6,18.6
8.3,13.7
4.7,3.5
4.2,6.0
19.7,22.1
9.6,9.22
6.0,10.5
8.0,6.4
27.5,21.3
2.6,3.6
0.7,1.19
5.1,5.5
13.3,16.8
4.2,5.7
4.0,3.0
16.0,7.41
3.1,5.0
4.1,6.9
7.0,7.96
21.3,16.3
11.4,8.8
18.2,21.2
3.8,7.6
2.2,1.8
25.5,23.6
29.0,21.3
0.7,0.28
10.75,12.9
35.3,22.0
7.8,8.7
8.3,9.9
1.9,3.7
36.0,21.6
1.23,1.97
2.9,3.0
12.1,15.7
14.0,16.6
17.0,21.1
9.4,12.2
13.1,13.1
12.0,14.7
15.3,16.6
25.4,24.4
21.7,17.5
12.8,12.3
14.5,15.6
19.4,16.27
6.2,6.55
42.0,26.3
21.0,22.1
9.2,9.0
0.65,1.05
5.5,5.43
3.95,5.64
8.0,12.1
27.5,22.7
13.9,20.1
13.4,14.2
1.0,0.56
0.5,0.92
11.6,14.4
17.3,15.0
3.19,4.58
8.1,10.8
7.5,5.43
5.4,3.9
7.5,10.0
26.6,17.6
24.5,17.4
5.1,5.22
11.1,13.1
7.4,9.6
16.1,17.1
2.7,2.55
8.0,6.09
3.6,3.93
13.7,15.0
0.8,1.9
6.5,7.45
7.7,6.79
6.1,6.5
8.4,10.1
12.5,12.7
30.5,24.0
35.0,24.1
16.4,17.2
13.9,15.3
28.0,25.5
8.1,10.1
2.0,4.8
6.9,9.3
12.0,14.0
37.4,21.3
6.3,4.45
13.3,15.1
9.15,11.9
17.9,13.7
14.0,14.8
10.2,9.67
18.5,14.1
7.1,10.3
13.2,13.8
41.2,29.8
10.3,8.25
25.9,26.9
13.7,16.7
2.7,3.0
3.0,3.8
15.7,18.0
4.8,8.2
22.5,24.8
26.7,25.7
16.3,19.8
2.5,2.2
10.2,11.2
12.2,18.4
12.4,12.5
2.19,5.11
2.0,4.4
0.65,1.12
15.9,17.0
15.4,13.0
2.7,5.2
16.9,18.2
7.9,6.4
7.3,9.0
2.5,6.7
7.8,8.4
3.0,2.73
15.8,13.8
1.1,1.66
21.5,23.0
19.7,17.9
3.5,5.1
18.6,18.0
19.3,17.25
19.0,19.1
48.4,17.05
5.8,8.8
23.4,14.1
23.0,16.8
1.0,1.5
24.0,19.6
0.3,1.31
31.4,24.0
24.0,20.0
12.7,13.65
12.8,12.8
1.7,3.4
7.0,6.97
33.5,23.3
4.1,4.0
7.3,15.3
7.2,8.9
0.3,0.67
16.9,17.6
13.8,9.4
8.0,9.5
23.8,21.4
1.9,3.9
6.1,3.8
16.0,14.7
13.2,16.5
2.2,5.0
22.6,20.4
19.5,10.5
11.6,15.3
15.5,10.3
18.1,18.7
38.7,22.4
5.8,9.5
22.9,20.5
6.6,12.6
3.3,4.94
7.0,5.86
8.7,13.2
2.3,4.5
1.0,1.71
4.0,2.76
27.0,14.3
6.5,8.45
18.0,16.5
5.0,6.3
10.0,9.3
1.5,3.1
21.0,20.7
21.9,17.0
9.1,8.5
10.2,12.3
27.3,20.4
12.9,17.2
0.9,1.57
16.0,15.7
4.5,4.64
10.4,10.5
36.1,26.5
20.5,18.2
14.6,15.7
27.8,23.5
1.0,2.8
18.1,20.2
3.7,5.65
12.1,15.0
1.8,2.9
6.4,8.3
4.6,1.75
7.2,8.7
16.5,20.2
3.4,4.7
13.8,14.9
1.0,1.7
15.2,17.7
6.2,6.4
5.6,7.7
1.1,1.95
0.7,1.41
23.8,20.6
25.1,24.6
1.1,1.7
5.14,8.6
12.5,12.3
20.8,18.0
6.1,8.0
13.7,10.9
6.0,7.8
0.6,0.99
27.9,22.9
14.0,15.6
4.8,6.3
4.3,7.8
13.8,17.7
8.0,6.5
0.53,1.75
16.5,15.9
12.0,12.6
0.9,0.3
12.0,15.3
20.3,16.5
10.0,13.3
0.63,1.89
51.5,32.4
5.1,6.9
24.1,19.8
12.3,15.8
11.6,15.8
5.9,8.1
32.4,21.0
14.5,8.06
21.2,23.2
5.1,3.41
21.6,19.0
28.3,21.5
6.9,10.0
8.3,9.1
4.5,7.3
11.8,11.4
17.6,15.8
23.7,21.1
2.2,1.8
10.5,7.41
18.0,15.4
3.0,6.5
7.8,9.2
26.5,23.0
36.7,24.3
16.2,13.9
3.0,4.37
15.7,11.2
7.7,4.72
4.7,7.3
23.4,22.2
27.5,21.6
10.8,8.4
20.0,19.8
4.96,5.81
9.0,11.8
10.3,11.2
14.9,14.5
8.9,9.6
2.0,4.0
8.1,8.29
8.1,8.3
18.4,19.4
17.1,16.8
17.6,17.9
16.2,12.7
0.9,2.7
18.6,16.1
20.8,19.1
5.0,10.0
11.0,9.4
22.4,19.0
47.8,24.8
23.0,23.6
10.6,10.3
8.7,6.16
43.6,26.5
6.3,9.1
30.4,22.6
22.0,22.7
19.4,17.8
7.3,5.3
8.0,11.8
12.0,13.2
8.2,11.8
1.68,4.3
3.5,3.88
9.0,8.4
24.2,23.1
3.6,3.8
35.4,24.7
5.9,4.82
24.7,20.0
9.4,10.0
12.1,16.8
1.5,1.72
9.6,10.0
13.5,10.6
16.25,14.6
6.3,7.4
22.4,20.0
26.2,20.6
12.5,16.8
13.5,21.7
4.31,4.3
2.1,3.3
8.3,9.4
10.1,10.3
4.2,1.9
20.1,19.6
3.5,2.5
18.2,16.8
26.8,21.8
2.3,4.5
19.3,18.1
1.18,0.66
25.5,26.0
15.7,13.4
0.7,2.2
17.9,22.2
9.4,11.9
8.0,6.35
6.0,7.6
6.0,7.3
24.2,15.6
20.9,20.4
23.3,17.6
6.4,5.6
11.85,12.33
1.7,2.9
3.2,6.7
12.6,10.4
10.8,10.7
7.0,8.1
5.1,10.4
0.7,1.35
16.3,18.0
0.85,1.46
8.0,7.0
9.2,10.0
9.0,11.6
5.7,4.3
5.3,8.1
26.3,23.5
0.7,1.21
12.2,11.6
11.5,17.6
7.8,11.8
8.2,9.8
5.3,5.4
35.2,25.3
23.3,23.4
30.0,21.5
12.4,12.6
2.2,2.0
3.6,4.6
5.8,6.3
14.4,12.4
26.7,24.2
7.8,8.6
10.1,13.4
20.7,18.4
31.6,25.7
15.3,14.2
10.3,8.0
18.8,19.5
16.3,15.1
6.0,6.6
2.6,3.12
28.6,23.5
9.7,11.6
8.2,11.6
24.0,21.3
1.1,1.55
13.2,15.1
17.3,17.4
2.1,4.6
35.4,24.2
2.9,6.0
2.2,5.5
4.0,5.4
8.15,10.7
14.0,12.15
8.0,4.56
14.0,11.6
21.25,16.0
12.2,19.6
13.8,16.6
25.9,22.2
27.4,23.6
30.8,22.5
2.0,4.0
28.6,20.2
6.65,9.3
10.1,15.6
19.9,14.7
44.0,27.8
13.7,18.0
6.36,8.26
12.0,15.6
27.8,16.2
22.8,15.7
25.8,19.8
7.6,6.38
0.8,2.3
6.7,6.85
21.5,15.6
8.0,14.2
5.0,7.6
19.5,17.7
18.0,12.4
6.7,5.8
6.9,7.8
4.6,6.0
22.8,20.8
2.4,5.2
7.2,14.6
12.1,11.9
1.4,1.6
3.0,4.8
7.1,4.5
27.5,24.5
28.0,27.8
4.3,4.35
26.4,20.6
1.3,1.75
24.9,13.0
10.0,16.7
5.4,7.5
1.2,1.85
29.5,29.0
8.5,10.0
1.6,2.0
6.3,8.3
13.1,19.8
13.75,15.3
8.83,6.85
1.0,2.6
8.2,9.5
26.3,19.5
9.6,13.9
6.7,10.0
21.5,25.5
20.0,16.1
26.4,26.8
6.7,5.8
16.0,17.0
0.5,1.01
10.3,11.4
2.2,2.19
8.0,8.0
4.9,3.6
9.1,10.0
18.4,20.8
1.4,1.77
14.1,10.0
14.6,19.8
6.0,5.4
16.4,11.6
1.6,3.4
10.0,12.25
5.2,8.3
1.0,3.0
29.6,23.1
14.0,8.13
4.5,8.0
15.3,19.8
1.8,5.0
24.5,15.8
31.4,23.8
2.0,1.7
5.6,4.7
0.95,1.45
7.15,9.5
21.1,23.7
12.7,8.2
23.2,18.4
28.9,24.0
7.0,5.52
7.87,8.53
3.5,3.16
33.1,19.3
12.0,11.0
1.0,2.27
2.0,4.2
13.9,17.7
10.1,15.0
5.1,6.1
2.3,3.75
12.0,15.5
3.0,5.3
20.8,21.7
20.0,19.0
5.0,4.8
5.35,4.9
5.33,7.77
6.2,11.2
22.0,22.9
28.1,22.3
10.4,14.5
20.0,20.7
14.2,13.8
5.9,6.5
17.6,19.2
1.0,1.73
3.4,4.3
18.5,14.2
13.2,10.7
18.5,20.2
0.7,1.15
2.22,2.85
5.2,4.63
16.8,19.8
10.0,15.5
0.68,0.44
6.2,6.1
25.8,22.2
1.8,0.6
4.9,7.25
25.6,18.7
26.5,22.4
8.0,6.61
10.7,9.3
5.66,5.1
3.08,3.5
2.0,4.6
36.2,25.8
23.7,18.2
0.6,1.07
7.1,10.2
29.7,17.4
7.8,11.8
16.5,8.85
20.2,17.9
34.5,23.2
9.4,12.2
23.9,18.5
12.1,11.9
9.8,14.5
0.6,1.5
22.3,21.1
12.6,14.7
7.9,8.0
12.2,13.7
2.0,3.9
8.7,10.1
9.7,9.4
15.0,15.3
1.18,2.5
20.2,22.7
1.3,1.91
17.6,20.2
13.0,17.0
17.5,19.4
0.4,1.6
6.0,4.38
12.85,14.53
10.2,9.19
3.15,2.94
8.0,6.28
33.2,24.7
11.6,12.5
4.35,7.74
16.0,17.8
4.59,5.37
11.1,13.8
10.1,11.9
16.0,20.3
20.0,16.0
29.5,24.5
0.81,1.7
18.5,20.5
11.4,14.8
3.2,6.6
2.5,2.88
10.6,13.9
10.4,6.7
6.0,4.52
24.0,22.5
8.0,7.2
12.2,11.0
14.0,19.4
8.55,11.8
0.9,1.4
33.7,18.3
17.0,10.0
12.1,17.8
17.0,17.0
37.3,18.5
3.5,5.7
11.9,11.2
6.54,7.32
3.1,3.6
5.6,9.8
7.2,5.55
16.0,8.15
5.2,3.99
14.8,9.3
22.2,17.6
17.4,10.8
6.3,5.2
2.0,2.45
17.0,20.0
5.6,9.3
4.7,7.1
17.7,20.5
10.7,11.6
8.5,10.2
12.9,9.5
24.4,22.3
7.1,9.6
16.3,20.7
27.7,22.1
4.0,3.35
8.1,12.0
13.7,16.4
12.0,14.4
4.3,8.0
1.2,1.77
5.8,5.14
14.0,14.5
3.03,5.31
3.64,3.86
19.0,21.3
12.2,13.8
11.6,12.3
8.1,11.3
7.9,6.27
7.0,12.3
8.2,7.4
6.0,6.7
33.5,27.4
8.7,9.0
5.9,8.3
6.2,4.1
9.1,11.71
11.2,10.5
9.0,13.5
26.0,34.5
37.0,23.0
7.2,10.9
4.0,6.6
24.4,21.0
23.1,23.3
9.55,13.0
28.9,20.0
33.6,26.7
22.5,21.1
10.8,13.5
8.2,7.79
2.0,5.3
19.3,16.1
6.7,7.6
20.2,20.0
5.2,7.6
12.7,9.55
3.5,3.85
4.1,5.2
40.0,23.7
6.7,7.0
14.2,15.2
2.3,3.8
19.7,21.0
19.8,14.6
7.3,11.1
7.2,5.46
19.0,13.05
5.1,6.7
13.35,12.5
1.25,3.53
14.5,16.2
16.3,15.0
8.0,11.9
9.4,13.9
2.2,3.3
6.5,7.05
15.8,21.2
21.55,16.14
20.1,16.8
7.7,8.6
9.0,11.8
14.0,11.6
30.2,22.9
1.0,1.6
20.2,20.8
38.0,25.8
14.0,14.4
0.7,1.42
22.0,26.1
16.15,16.7
21.8,17.0
17.0,18.2
9.5,5.56
27.2,20.3
2.0,3.1
21.3,13.1
27.7,18.3
2.52,3.66
13.4,12.6
9.8,14.2
5.46,8.6
1.0,1.5
17.3,10.5
22.2,18.5
23.2,14.03
19.35,16.67
12.6,9.94
13.7,15.0
11.3,10.1
8.1,9.0
10.0,7.15
2.4,4.5
8.9,13.4
21.9,19.8
8.4,9.8
14.2,19.6
18.1,18.0
16.8,19.5
27.5,21.3
32.0,18.3
12.7,14.7
0.9,0.49
2.8,3.5
5.4,10.0
22.5,23.5
5.7,4.53
2.5,3.93
12.3,10.2
24.0,23.7
0.4,0.86
7.8,10.7
7.6,12.7
19.8,16.7
4.14,5.53
12.3,16.1
31.0,20.9
10.9,15.1
25.0,21.9
11.5,9.0
3.5,7.2
15.2,16.7
4.4,4.39
21.8,20.6
15.4,11.62
10.4,11.3
29.0,21.0
4.3,7.6
11.9,14.1
4.4,6.2
10.9,12.7
9.05,12.3
2.74,4.92
17.6,14.9
29.0,17.1
11.8,13.9
8.6,7.28
5.6,6.1
4.0,6.6
13.8,14.5
2.13,3.81
4.5,4.04
8.7,11.2
18.2,18.7
17.5,15.8
3.8,3.94
3.3,4.3
8.0,12.6
6.35,11.5
18.5,19.2
4.1,6.7
17.8,23.3
45.3,28.7
6.1,7.3
7.0,4.26
5.8,8.9
7.9,9.78
23.25,16.9
2.3,2.87
4.3,6.9
11.4,13.8
24.0,18.2
2.1,1.8
15.4,16.8
9.0,12.7
14.8,11.4
15.7,16.2
3.8,3.1
4.36,4.5
5.7,6.0
11.3,14.8
3.4,4.2
7.4,10.2
9.3,10.3
10.7,11.0
7.0,10.1
27.0,26.0
16.6,10.9
10.3,10.4
12.0,11.1
14.5,17.6
10.4,12.3
16.7,16.2
3.4,3.27
17.6,21.0
2.9,6.53
2.1,4.7
13.4,10.6
0.6,1.1
4.0,6.1
2.0,2.8
17.4,17.9
15.3,10.6
6.0,5.42
5.6,9.4
12.0,17.9
12.0,13.5
3.9,4.38
16.5,18.1
12.0,16.3
17.1,12.1
13.3,15.4
24.4,24.4
16.9,20.4
6.05,4.7
5.5,8.5
20.0,19.1
3.3,5.3
42.2,26.0
15.8,14.9
29.0,26.0
10.3,12.5
36.0,27.7
11.25,13.54
8.9,9.5
23.2,21.1
31.9,24.8
33.2,23.9
34.6,17.16
6.7,8.4
17.3,18.0
4.1,7.2
20.6,19.1
10.5,14.8
22.6,17.9
9.5,8.3
19.3,18.8
12.0,15.0
4.2,4.0
2.0,4.9
2.1,3.7
6.0,6.9
6.6,11.5
7.0,8.5
44.2,26.7
23.5,27.1
22.9,18.11
24.4,22.1
22.7,20.4
11.1,8.35
28.3,22.0
2.03,4.28
21.7,16.1
35.7,23.4
5.86,7.22
16.5,18.6
6.3,9.9
10.5,14.0
3.5,7.1
4.6,7.0
12.3,11.2
11.3,15.0
10.0,16.5
3.9,7.0
8.2,6.8
19.5,17.2
13.0,11.2
4.0,5.94
3.1,7.2
5.2,8.2
1.04,2.5
1.61,3.17
1.1,1.82
16.0,6.5
14.9,15.0
16.55,12.27
15.0,19.5
29.0,19.35
12.7,12.4
20.0,18.6
14.0,20.7
12.0,14.2
1.1,2.5
1.4,1.8
24.0,19.4
6.5,6.1
11.0,14.4
16.0,15.7
0.4,0.75
14.6,17.76
11.3,8.44
8.0,9.1
30.5,19.8
4.8,2.96
44.7,26.6
16.0,12.0
0.5,0.77
3.5,3.65
12.0,7.5
8.0,9.3
19.7,17.6
30.2,23.1
17.0,20.0
17.8,15.2
7.0,7.9
6.6,7.7
16.9,12.5
7.0,10.1
25.0,21.0
29.0,22.8
27.0,18.4
16.0,15.1
14.3,16.4
7.5,9.8
10.9,9.9
13.95,13.45
8.1,9.9
1.7,3.4
6.7,6.85
13.0,14.8
14.1,12.5
2.9,2.98
27.1,14.2
1.6,4.7
21.0,14.8
12.1,13.9
4.0,5.8
16.6,21.3
2.2,5.3
8.64,8.15
7.6,10.3
7.2,9.2
7.2,11.1
15.5,18.2
12.5,18.6
23.1,22.5
12.0,18.2
8.8,11.1
18.9,20.2
31.0,19.0
3.4,3.73
13.3,12.9
30.8,22.4
14.1,19.2
8.8,8.0
10.0,5.95
13.9,9.4
32.1,22.25
0.98,0.56
24.6,21.3
2.99,5.0
15.2,11.7
7.7,9.9
6.4,7.9
1.3,1.0
10.8,14.7
14.9,15.4
4.5,4.4
8.2,7.2
8.0,12.6
12.7,9.2
21.0,21.7
20.7,16.8
12.0,15.0
2.1,2.7
18.0,16.6
4.3,3.6
29.1,24.2
1.01,2.44
3.8,5.9
23.4,22.5
23.1,17.3
2.4,4.4
37.9,19.0
13.1,14.4
3.2,2.98
3.4,5.2
6.2,8.0
6.8,7.3
9.4,10.2
23.3,22.2
7.8,12.0
3.1,3.46
13.9,16.4
16.4,13.3
3.5,6.1
22.3,21.2
7.5,5.9
24.5,21.3
18.0,18.6
5.9,6.52
23.9,21.0
13.1,8.5
17.7,14.0
5.8,5.8
4.53,5.65
2.0,0.64
2.0,1.7
14.3,16.0
2.9,3.67
21.4,25.4
27.5,29.8
24.4,20.7
27.0,19.7
14.05,12.26
11.7,8.2
14.05,11.36
1.2,0.66
16.3,20.9
17.2,16.8
1.76,4.97
12.6,15.4
5.5,6.9
4.5,4.0
10.0,13.1
8.8,9.85
2.9,2.64
22.2,18.1
12.2,11.6
26.3,25.8
10.7,7.85
6.4,8.4
9.5,12.9
17.9,22.0
26.1,25.4
30.7,20.1
19.3,13.9
4.01,6.13
12.4,14.49
10.0,11.9
32.4,23.5
23.9,15.4
25.0,21.9
15.8,14.7
5.0,6.3
32.0,26.2
5.2,5.2
32.1,17.63
0.8,0.23
24.6,19.3
29.0,20.7
7.0,7.8
4.3,7.01
14.4,16.3
19.5,23.0
5.4,3.0
3.9,3.8
14.8,14.74
0.4,1.25
10.9,13.1
15.1,15.5
3.6,7.6
11.6,9.25
1.5,1.89
8.1,8.0
4.2,4.3
31.5,25.2
1.16,1.85
32.7,21.8
28.9,16.0
16.0,19.7
19.0,20.1
10.3,11.0
15.1,14.2
10.3,13.9
1.4,0.51
5.8,8.05
1.51,2.56
30.9,25.8
2.0,3.3
8.1,9.78
0.6,1.61
17.9,15.2
1.1,2.9
2.5,1.61
15.9,16.2
5.4,5.05
4.0,4.4
6.9,9.0
9.0,8.2
5.4,8.9
5.1,8.1
23.0,21.9
9.0,9.1
5.02,6.72
10.6,9.5
15.4,11.1
13.5,10.5
7.8,10.5
3.0,5.3
2.4,0.72
1.0,1.9
9.5,7.8
16.1,18.1
10.9,9.4
15.8,13.0
1.0,3.1
16.0,13.9
24.9,18.1
18.1,15.7
16.0,15.6
0.5,1.48
22.0,18.3
18.2,19.6
31.1,24.1
16.3,22.8
7.0,8.3
1.6,2.73
0.6,1.05
12.2,11.6
23.5,24.4
17.9,20.1
18.0,15.8
0.9,1.68
7.3,4.9
28.2,17.1
16.6,16.4
23.0,20.7
6.9,4.3
8.0,9.3
14.7,16.8
3.6,4.99
10.2,14.8
21.9,20.3
23.9,22.7
8.2,12.4
16.4,14.5
2.0,2.5
12.1,16.72
17.1,22.3
1.5,3.5
20.0,19.1
4.5,6.6
9.0,8.8
3.5,3.76
11.7,13.3
5.61,8.2
19.3,19.2
22.2,22.4
19.5,16.2
6.8,7.0
10.2,10.5
8.4,13.5
3.0,3.1
36.0,24.5
2.3,4.05
1.86,2.4
12.1,14.8
12.8,10.1
8.0,6.1
4.04,6.72
10.1,12.2
3.0,5.5
14.0,20.2
18.9,7.6
22.5,26.8
8.2,9.64
4.7,7.0
11.8,13.3
16.0,15.6
0.8,1.4
6.88,5.73
16.1,21.2
20.0,22.1
2.2,2.7
4.3,6.9
9.0,7.07
0.95,1.57
1.4,1.6
18.0,13.7
9.0,14.4
21.1,21.5
13.8,15.7
19.8,14.5
31.8,20.4
1.2,2.0
26.9,18.5
9.7,8.8
23.7,24.2
9.0,7.86
14.4,17.8
16.2,16.7
8.8,11.7
4.2,4.6
8.8,10.7
6.4,7.6
14.4,12.4
22.5,24.6
11.7,12.1
6.0,4.4
27.0,19.6
8.1,10.8
3.03,6.2
32.7,23.5
4.0,5.5
14.0,7.62
35.3,23.7
21.6,18.7
16.2,18.2
15.3,12.5
4.4,6.0
9.6,10.7
24.2,17.9
2.8,4.6
1.3,2.0
8.2,10.6
13.9,17.0
23.8,25.1
21.6,20.5
16.8,17.9
5.0,4.3
31.0,21.9
9.1,14.7
17.6,20.2
9.8,14.7
15.5,14.1
18.8,20.7
19.25,19.2
25.2,23.0
5.4,4.08
16.1,16.4
3.4,4.77
14.3,19.1
15.2,16.1
12.2,17.7
11.4,8.0
9.0,4.4
6.0,5.03
16.0,16.8
7.3,6.37
0.7,1.21
16.2,16.1
10.2,5.9
31.5,19.5
5.0,7.4
0.7,1.17
2.0,2.6
32.5,24.4
3.52,4.25
2.0,3.6
6.3,7.84
36.7,21.5
8.0,13.5
5.4,8.2
22.3,16.5
5.25,4.2
14.0,18.8
6.8,4.1
4.33,3.22
12.0,12.5
1.3,0.74
0.65,1.22
15.9,17.9
19.8,15.6
4.0,5.11
3.68,3.57
6.4,5.1
13.7,18.4
9.8,13.5
12.5,16.5
2.61,3.15
18.7,15.6
3.4,5.4
25.5,17.5
25.2,14.6
1.0,1.59
3.11,4.4
23.8,24.5
8.4,5.3
12.5,10.9
15.9,16.7
8.9,8.92
5.2,6.36
3.3,6.7
3.9,7.7
37.8,27.7
18.0,21.5
16.8,20.1
16.1,12.8
2.5,4.24
5.9,7.3
6.4,5.62
41.8,27.1
35.5,21.0
14.1,20.5
1.0,2.2
14.0,15.4
7.0,5.2
0.4,0.78
4.9,6.12
1.6,3.0
21.0,16.3
2.09,2.0
14.9,15.23
13.3,7.6
11.6,13.7
10.8,11.2
25.6,24.0
31.7,17.1
16.5,14.2
14.6,12.4
22.8,18.3
40.0,27.5
34.8,27.5
10.8,17.3
5.5,8.1
23.7,15.4
3.4,5.65
8.9,10.85
18.5,19.7
3.72,7.06
11.6,14.4
6.5,6.45
16.8,17.8
20.0,18.7
30.0,16.1
10.1,14.8
12.5,15.4
4.0,6.8
0.7,1.36
15.9,20.1
1.0,1.6
19.5,23.8
19.1,15.5
3.7,7.7
19.6,19.6
27.4,17.64
4.9,6.1
14.0,16.8
3.9,3.5
6.9,7.9
6.6,5.6
13.0,15.7
12.3,13.5
3.0,2.58
13.3,11.3
12.9,13.8
0.7,0.69
30.7,24.0
0.5,1.8
4.72,4.76
12.3,11.7
2.5,1.97
4.0,8.1
19.0,14.42
5.2,5.7
15.6,16.3
4.3,4.1
21.5,22.2
3.8,5.1
40.0,28.2
2.6,4.8
5.7,7.9
19.7,20.9
41.5,23.4
22.2,21.9
19.6,16.2
0.5,0.8
11.7,12.5
5.6,7.9
26.8,19.6
4.1,4.07
4.0,8.4
5.3,7.4
8.2,8.6
6.5,5.2
5.9,4.67
24.3,19.1
12.5,18.0
15.9,16.7
3.0,3.62
7.0,6.07
8.6,13.7
17.3,17.2
30.1,20.25
9.0,12.8
30.0,18.4
17.3,18.3
4.0,3.3
10.3,12.8
5.0,6.5
1.45,3.05
6.0,7.5
8.23,11.9
5.0,9.9
33.6,21.1
4.4,7.0
3.03,2.53
21.5,17.6
1.8,4.0
2.0,3.0
23.0,17.8
20.0,22.7
12.0,10.6
6.5,7.26
25.3,22.4
13.0,12.1
11.0,14.8
48.0,19.6
26.8,21.5
4.0,5.3
3.3,6.9
22.4,17.2
11.3,13.5
4.3,4.5
28.0,26.0
3.0,5.8
18.0,10.35
8.0,6.63
2.0,2.65
2.98,6.42
10.6,10.4
14.0,17.7
15.9,16.88
6.32,4.04
15.9,15.0
8.6,9.4
4.0,6.5
2.0,4.4
1.0,1.65
24.2,26.0
3.6,5.8
18.7,15.9
19.5,17.0
0.6,1.04
16.9,18.2
1.3,0.77
19.6,20.3
23.4,20.1
2.55,2.2
6.4,6.7
10.8,11.1
9.8,13.3
5.7,8.6
16.1,17.2
10.0,9.54
12.8,15.9
3.4,6.0
13.0,14.9
24.0,20.8
8.5,7.01
14.6,18.4
3.6,6.2
6.5,5.55
18.0,17.6
0.9,1.51
4.2,4.4
6.1,6.0
2.4,3.4
4.1,9.2
15.9,17.7
22.4,16.5
8.1,10.7
6.7,5.2
41.2,31.7
3.2,6.2
4.56,4.77
10.4,5.6
6.0,9.3
12.4,11.48
24.5,22.2
20.0,23.8
5.04,6.9
3.9,7.7
18.0,15.8
4.9,4.8
11.7,17.9
33.9,28.5
16.9,12.42
7.2,5.6
8.1,13.3
6.4,9.86
6.2,5.8
11.3,12.1
7.75,5.75
29.5,25.6
8.0,6.7
5.07,6.72
16.8,16.9
7.5,9.8
4.0,6.8
30.6,25.8
2.0,2.9
10.8,8.5
11.6,20.8
14.8,12.6
12.3,8.81
3.8,6.4
10.6,15.7
20.6,17.1
5.3,6.9
1.1,1.75
22.0,16.7
31.0,23.2
7.08,7.12
6.75,5.16
41.4,24.4
7.4,8.9
20.2,19.0
1.2,2.3
6.0,6.7
16.2,20.0
5.8,7.9
5.2,7.8
13.8,17.2
8.2,8.6
35.4,22.8
2.9,4.85
11.1,16.2
27.0,28.9
27.2,20.4
2.5,3.4
3.6,3.48
20.5,18.1
6.5,6.15
15.0,16.6
11.8,8.59
4.5,7.3
24.5,25.7
21.2,17.3
2.7,5.2
21.4,17.3
6.4,6.88
16.5,21.3
14.3,12.4
18.1,22.0
13.1,16.6
10.1,14.7
1.3,3.2
14.0,15.2
16.1,21.4
32.0,24.0
6.2,7.3
12.1,9.31
1.5,1.76
25.0,21.9
2.5,2.66
25.9,22.9
5.4,7.5
3.0,2.8
17.2,13.2
20.7,22.6
23.1,18.5
18.0,12.3
10.0,13.9
4.0,6.2
5.4,3.8
10.0,14.6
30.3,25.1
17.5,15.3
28.5,20.4
2.35,3.11
5.2,5.59
18.4,18.2
28.2,21.7
7.57,10.9
0.7,0.155
6.0,6.86
8.9,5.7
32.6,24.9
11.8,6.5
1.71,2.14
6.8,8.9
5.0,4.38
8.5,8.1
9.8,8.3
19.4,15.6
2.1,2.4
11.9,13.8
8.2,12.0
2.45,2.88
26.4,22.3
6.4,5.1
15.9,19.3
14.5,17.5
1.75,4.6
15.9,19.9
10.0,12.8
42.2,21.2
46.9,32.4
7.6,10.4
17.5,15.5
36.2,25.9
6.8,7.3
20.3,19.6
17.9,12.2
44.5,30.2
6.3,9.8
3.4,6.39
2.2,4.5
5.0,7.3
8.4,12.2
6.4,8.3
13.0,11.0
9.2,9.55
18.3,14.6
5.0,5.4
14.0,8.13
20.9,9.6
11.0,12.0
22.8,20.9
5.25,5.23
5.0,6.5
3.3,4.0
16.0,7.6
10.7,8.9
6.2,7.0
3.2,4.5
14.4,6.7
8.9,9.8
23.0,18.9
31.4,23.2
5.3,8.0
15.4,20.0
17.15,14.7
28.5,16.1
5.0,4.68
8.1,7.5
6.1,10.2
27.2,25.1
34.0,24.9
1.3,1.9
8.5,10.5
19.2,21.9
12.2,13.6
13.7,12.6
18.7,16.1
1.0,0.64
21.2,21.5
24.0,24.0
20.7,19.0
20.6,20.1
12.5,14.73
15.4,17.36
24.75,19.64
18.5,18.8
4.2,7.8
3.1,5.4
9.0,11.4
24.6,22.6
12.3,13.6
11.8,11.0
3.0,3.3
12.0,9.2
30.0,28.8
31.2,26.2
4.0,3.56
7.0,6.2
2.2,4.5
16.6,16.0
14.0,15.1
4.9,5.65
35.3,24.0
7.9,13.5
8.6,9.1
23.0,23.8
14.8,15.6
8.8,9.9
3.8,6.2
8.7,12.5
23.9,25.2
12.0,16.3
4.2,6.4
16.7,12.6
10.0,12.9
10.5,12.4
3.0,3.0
10.1,14.0
16.2,14.0
3.9,5.4
3.5,6.0
24.2,18.5
10.1,12.5
13.5,10.6
11.8,8.9
30.5,25.5
18.8,19.5
23.0,22.0
40.5,22.2
1.8,4.0
13.4,16.8
4.0,3.22
19.7,18.1
4.18,3.82
5.5,7.9
27.7,20.5
31.6,27.1
10.0,10.5
2.43,4.58
4.8,6.7
5.0,6.16
9.22,11.7
19.5,17.0
6.0,5.82
2.0,4.9
8.1,6.2
10.4,8.8
20.3,22.8
3.0,3.4
5.3,5.9
1.1,2.5
33.3,27.3
0.9,2.6
2.1,3.4
6.16,11.3
24.2,18.5
5.0,5.2
28.0,17.8
3.0,6.2
17.9,19.9
16.4,16.7
9.65,9.32
20.2,16.5
5.1,8.2
23.9,15.5
27.0,27.0
1.0,1.42
6.29,9.03
1.17,1.98
11.8,12.5
13.5,17.3
6.0,7.1
15.5,18.5
18.0,15.0
18.6,18.8
19.1,16.8
22.0,20.6
19.6,17.5
3.0,3.3
6.4,4.1
11.7,14.7
10.7,6.97
12.2,13.7
20.3,22.2
20.5,21.5
16.7,17.1
9.8,14.9
23.15,19.56
5.0,6.51
12.1,13.3
8.4,13.5
10.1,11.4
5.8,8.5
5.9,8.0
1.1,1.6
15.0,15.8
7.8,13.0
8.0,9.02
7.0,8.8
7.8,11.9
34.5,25.3
23.5,17.5
24.7,18.8
3.8,4.88
16.9,10.9
17.2,17.0
13.1,10.3
1.55,2.05
14.0,15.0
8.9,11.9
12.0,12.3
36.0,19.6
4.5,7.46
10.9,15.4
7.1,7.2
16.2,17.8
9.0,12.3
7.6,11.2
3.4,3.55
22.0,19.2
16.4,17.8
20.0,18.4
6.3,5.8
19.8,14.8
14.1,14.0
22.2,26.1
2.07,4.31
1.2,1.9
5.67,5.4
4.52,6.67
16.2,12.8
9.35,12.3
20.1,19.0
1.8,2.33
18.1,12.6
5.2,7.8
31.4,26.0
14.6,16.1
3.2,5.9
5.3,5.1
12.4,10.7
11.6,10.6
14.4,15.0
7.4,4.5
6.0,10.1
0.35,0.78
7.2,9.1
12.0,12.4
6.6,9.04
9.5,12.0
2.3,5.5
8.3,7.6
21.7,17.6
2.6,3.32
7.4,9.1
19.5,22.0
4.6,4.43
6.0,9.7
8.0,8.0
22.1,22.4
6.6,9.3
15.5,20.6
15.5,9.56
15.0,17.2
34.4,26.1
20.8,18.4
12.0,16.3
10.1,9.3
1.9,3.3
9.1,6.5
26.0,21.8
2.4,4.4
7.8,6.5
12.3,12.8
9.5,7.17
7.2,7.1
14.0,16.9
10.1,12.6
20.0,19.5
8.0,13.4
10.0,13.4
3.8,5.3
9.83,10.4
19.8,18.2
18.5,16.3
8.5,12.1
8.3,13.2
26.0,22.6
5.2,9.4
25.0,14.1
10.6,7.5
1.4,2.5
9.65,11.1
16.4,18.4
5.6,8.1
13.8,18.3
9.8,9.0
4.1,6.0
16.3,15.21
7.2,7.8
25.3,13.8
28.0,19.9
20.0,17.6
1.0,2.7
16.9,17.84
16.4,15.4
11.9,15.2
5.9,11.6
1.8,4.6
15.1,13.8
9.7,12.5
4.54,4.74
23.3,18.4
8.0,12.9
22.9,18.8
20.0,23.4
3.15,2.84
14.5,19.3
16.0,18.5
11.5,17.7
2.2,3.2
5.8,8.0
14.1,18.9
27.5,23.6
1.55,2.34
16.4,19.2
24.4,20.9
5.0,6.2
9.0,9.8
8.1,8.5
9.2,11.2
4.8,3.47
4.3,6.1
28.5,25.0
17.5,13.3
12.5,13.5
21.1,21.0
6.8,6.0
15.5,14.9
0.9,0.36
9.68,10.4
6.9,7.52
1.18,0.65
24.2,25.0
12.8,15.4
4.4,4.5
20.8,24.3
11.5,8.3
4.99,7.8
3.35,4.97
18.85,16.0
44.0,19.4
19.1,20.2
22.0,19.1
11.2,7.65
20.5,18.4
17.2,18.6
4.0,7.3
15.1,11.3
9.0,8.4
29.1,24.2
10.3,14.8
9.7,12.6
20.0,21.8
4.9,4.6
14.3,21.0
15.9,19.0
30.7,23.1
15.5,17.4
5.5,9.5
16.65,17.62
19.5,24.0
5.0,7.4
18.2,19.4
1.1,2.08
3.85,4.05
6.0,9.64
7.2,8.2
5.3,5.1
10.7,12.0
11.0,14.2
8.1,12.0
6.5,8.0
31.8,22.3
11.8,16.0
18.3,24.6
10.0,13.9
10.9,15.3
22.7,22.1
13.65,14.1
6.5,5.7
19.2,15.3
3.4,6.2
8.0,10.8
5.82,9.02
12.4,15.5
44.0,28.9
20.7,19.1
0.5,2.1
14.0,16.1
12.0,14.7
6.9,8.4
26.0,21.0
15.4,14.7
7.91,9.0
10.45,12.7
12.8,13.8
9.5,10.1
34.3,23.8
10.1,11.4
27.3,24.8
3.5,6.4
1.33,2.84
19.5,19.3
0.5,2.3
23.1,18.1
11.1,14.6
7.95,8.1
11.9,12.4
13.0,17.2
5.7,7.52
35.6,28.1
15.9,15.9
8.6,15.8
8.9,5.3
7.0,7.79
14.2,12.1
9.8,15.8
1.1,1.88
18.4,21.6
4.8,7.0
11.2,7.3
32.4,18.7
2.5,3.23
5.2,9.8
6.2,7.85
18.6,18.4
23.0,24.2
10.5,12.6
2.5,3.7
0.2,0.13
9.7,11.7
4.96,3.6
13.3,18.1
6.0,7.2
9.0,8.3
34.7,24.6
20.0,22.0
21.2,15.0
0.9,1.51
14.4,15.9
10.6,15.2
15.8,13.6
2.99,3.98
4.0,4.1
1.34,2.56
2.0,4.1
23.2,22.4
6.38,7.95
2.69,3.8
37.0,24.9
2.4,4.0
4.9,8.0
10.3,9.8
3.8,5.8
2.1,4.7
4.0,7.0
7.0,7.9
24.9,18.4
3.8,6.1
26.7,20.0
24.5,25.8
12.2,14.0
19.8,17.4
21.0,19.0
5.0,7.17
3.4,3.45
8.0,10.2
16.0,17.5
7.3,9.1
22.0,18.3
13.9,19.0
11.8,10.9
1.5,2.4
10.6,14.7
0.3,0.73
7.2,7.0
6.0,5.5
3.0,5.4
13.3,9.4
11.8,14.1
46.3,24.6
8.04,8.52
6.5,7.21
9.8,8.8
1.7,2.66
6.4,10.5
6.4,6.57
1.05,0.55
11.97,14.3
21.8,21.4
26.5,20.1
10.9,9.5
22.4,20.7
19.2,12.2
22.7,18.5
16.3,13.8
8.7,10.0
24.0,23.0
9.8,13.7
2.99,5.23
9.56,9.47
5.6,6.9
16.8,15.2
48.0,28.0
6.0,4.63
6.1,9.0
32.4,24.5
17.2,11.0
2.32,2.39
5.5,4.8
30.8,20.4
9.15,10.4
13.2,15.6
17.7,20.2
8.4,13.5
27.0,18.5
7.2,9.9
8.1,10.5
3.9,5.6
25.4,20.6
15.85,13.5
26.9,20.9
1.0,1.67
1.14,0.67
3.2,6.8
1.6,1.9
14.9,19.6
22.0,20.0
3.0,5.8
11.5,11.7
28.9,21.5
26.75,19.43
14.0,7.9
13.0,10.8
12.0,12.6
5.0,10.3
3.0,2.97
12.5,12.8
14.2,17.0
1.4,3.2
22.2,22.0
7.0,10.1
10.0,15.6
14.0,14.7
2.5,3.75
16.0,16.43
3.75,2.75
4.6,6.4
4.0,6.1
25.3,21.4
27.7,21.0
1.0,1.79
24.7,21.2
3.9,7.4
3.39,3.6
7.2,8.2
17.8,16.0
1.7,2.58
3.0,2.55
31.1,23.0
24.0,22.0
2.5,2.3
3.0,5.2
15.0,4.95
2.1,5.23
25.5,17.5
8.9,5.6
2.35,5.69
4.7,5.4
7.36,10.4
10.5,9.57
28.4,22.8
1.0,2.7
11.42,13.9
26.7,22.8
25.3,21.5
24.7,16.4
11.0,11.8
0.5,1.9
14.5,11.7
5.2,7.86
8.0,10.8
26.1,22.4
4.7,7.54
7.8,10.4
12.4,13.7
16.5,18.3
11.0,10.4
25.6,20.2
2.61,2.6
9.1,4.7
17.8,14.7
21.8,21.0
10.2,9.07
33.0,27.3
35.0,22.9
21.1,14.3
8.5,9.0
23.4,20.2
22.9,19.0
0.5,0.85
2.1,2.1
6.3,9.0
28.4,22.6
4.99,4.83
8.8,11.9
4.4,8.7
9.24,10.8
13.3,12.7
8.48,8.8
6.3,3.7
26.5,21.8
18.8,24.3
9.0,5.3
2.8,2.95
21.5,19.1
13.4,13.0
10.0,10.0
21.7,21.8
1.0,1.45
18.3,17.7
1.6,3.12
6.5,4.0
8.0,12.0
8.25,8.3
17.3,17.4
1.58,2.4
12.3,14.3
13.3,16.7
37.9,20.0
53.6,26.8
23.3,12.1
8.8,10.5
3.3,5.9
28.0,23.2
1.7,2.79
5.0,6.6
2.2,4.6
7.0,6.23
6.8,7.7
29.1,23.3
20.9,18.2
11.44,10.83
10.1,16.0
16.0,7.34
16.0,15.85
11.3,12.3
16.5,19.4
9.9,13.0
6.71,7.86
10.0,14.1
14.8,17.89
0.5,1.5
5.4,8.0
25.7,23.1
21.4,19.3
14.7,6.5
26.3,25.2
9.45,9.9
8.95,9.31
8.0,11.3
22.1,16.6
1.8,2.9
10.0,11.0
19.5,25.0
15.7,15.1
4.5,7.4
3.0,2.94
7.1,8.8
23.0,20.6
21.85,14.65
1.0,1.86
23.5,24.8
1.0,0.36
5.6,4.88
32.1,22.3
5.7,8.0
7.0,8.2
10.9,10.9
20.5,21.9
21.75,17.12
20.0,15.2
1.2,3.6
11.6,11.7
16.0,19.4
18.8,16.3
18.9,26.0
9.3,12.5
52.8,30.0
15.7,18.3
30.7,22.2
23.05,18.35
29.9,23.8
17.5,13.5
1.6,0.44
11.9,9.5
24.65,16.0
24.3,22.3
22.5,20.3
4.87,4.99
12.1,13.3
1.0,1.53
40.3,26.2
20.0,12.6
2.1,5.8
11.9,10.2
26.4,24.0
2.4,5.1
1.0,2.2
4.0,3.74
11.0,7.03
10.4,7.3
6.0,9.2
14.7,12.6
20.0,17.6
11.0,7.37
21.6,21.9
3.25,3.4
4.0,7.5
22.9,22.8
26.0,21.9
10.4,9.6
12.4,19.7
8.3,13.5
3.0,2.5
10.1,10.1
7.6,6.0
4.2,3.55
21.6,17.1
29.8,22.9
12.0,11.0
1.1,0.37
8.36,9.8
10.5,13.9
10.0,15.5
8.0,13.0
5.0,3.5
1.18,0.66
18.5,16.6
19.4,19.8
13.5,6.4
24.2,26.7
3.22,5.25
17.5,18.5
3.7,3.4
21.45,18.29
2.1,3.2
10.0,12.7
15.0,10.5
4.1,5.3
24.3,18.1
1.13,2.3
8.1,10.6
23.8,12.4
1.3,1.77
5.9,8.1
5.0,4.9
31.7,24.8
13.8,12.4
3.2,2.18
15.8,17.6
8.0,12.0
20.2,23.9
15.8,11.8
22.5,25.3
47.9,21.6
8.0,6.66
21.5,20.2
16.0,22.5
23.5,21.0
10.0,7.67
3.5,6.1
2.3,4.5
18.6,17.8
10.0,14.0
6.0,6.09
24.6,24.3
10.3,15.2
2.1,4.7
18.8,16.4
6.9,10.51
30.4,21.3
31.4,24.5
5.0,6.87
4.8,6.9
12.3,13.9
13.9,14.1
12.3,15.4
7.2,7.48
6.8,4.1
13.1,11.3
10.3,7.5
6.0,4.4
25.4,20.0
13.8,15.0
24.0,16.3
37.9,21.1
7.9,11.6
20.0,18.9
1.7,2.2
12.0,12.6
14.4,11.2
1.9,5.2
15.85,15.0
9.7,10.2
22.0,23.7
32.0,23.2
15.8,7.4
7.87,9.35
15.6,13.8
11.2,12.6
6.5,8.5
11.5,14.9
7.0,5.6
7.6,9.0
6.0,9.4
28.0,16.5
2.9,2.72
13.0,12.8
1.1,0.33
10.5,12.1
10.3,10.6
2.3,3.4
7.55,11.3
5.8,8.2
8.4,9.2
10.6,15.7
37.6,25.4
20.5,20.8
17.3,14.6
30.0,20.5
13.0,11.2
32.6,25.2
30.1,19.2
6.3,6.41
7.7,10.2
4.1,2.25
15.8,14.7
8.0,9.1
3.34,5.81
25.5,20.8
19.3,22.2
37.8,30.7
4.0,5.8
9.05,11.85
16.2,19.8
8.6,13.6
13.7,12.6
13.6,18.4
5.7,9.5
6.2,9.0
3.1,3.5
2.4,2.23
8.0,10.7
15.6,15.2
4.9,5.01
3.9,3.97
7.0,6.81
13.4,16.4
9.2,15.4
0.7,2.2
11.0,11.55
18.0,15.6
1.8,4.4
12.0,14.7
5.3,7.1
2.2,0.57
4.9,6.82
16.0,13.1
26.0,21.9
0.6,0.2
9.86,8.18
8.2,7.0
2.3,4.6
26.6,20.3
4.0,7.7
13.5,11.2
10.0,9.3
22.4,18.7
6.5,6.08
34.7,25.7
20.7,8.0
1.23,2.62
42.0,23.0
2.8,5.5
6.0,7.6
7.3,9.2
3.4,3.6
32.2,25.4
2.56,3.5
23.55,17.0
2.8,3.34
19.2,20.7
3.63,3.57
27.5,27.0
13.7,10.4
18.0,14.77
11.1,12.9
28.9,25.2
5.4,5.3
24.0,21.4
11.9,14.0
22.1,18.6
4.8,6.8
13.0,15.3
1.0,1.64
12.9,13.2
6.0,4.14
17.0,12.9
6.0,6.6
14.9,13.8
19.0,17.0
2.6,4.1
18.0,20.7
17.0,18.4
0.3,1.4
9.1,5.0
29.7,19.9
8.0,15.5
8.6,5.54
0.9,1.8
9.6,8.0
11.8,17.6
23.1,22.4
7.4,11.5
3.8,6.7
26.5,19.1
2.5,3.5
2.6,2.17
11.8,16.0
10.3,7.8
7.3,4.6
13.0,14.9
14.64,15.1
11.7,12.9
3.1,4.6
14.6,13.9
8.0,4.87
12.0,11.7
2.7,3.85
3.8,6.8
7.2,6.78
8.2,7.2
3.1,7.5
28.0,21.4
19.3,18.5
6.0,8.2
10.35,13.2
11.9,10.4
6.9,3.1
6.75,8.0
2.0,2.43
0.9,1.77
5.8,7.3
13.2,12.4
5.9,8.2
10.2,11.2
10.4,15.1
1.2,1.85
29.3,19.2
11.9,14.9
26.6,23.5
3.1,6.0
1.4,1.8
10.7,15.3
9.9,10.9
1.0,1.7
20.7,18.1
18.1,13.4
13.2,12.9
24.6,20.6
0.63,1.62
12.2,16.2
10.2,12.2
26.0,21.2
6.9,3.03
23.0,18.8
26.8,26.1
6.4,12.6
4.7,9.2
1.0,2.6
14.0,17.4
3.9,4.14
3.8,7.05
14.8,13.9
12.8,13.3
13.1,10.1
15.3,19.0
14.7,13.9
14.0,14.2
4.0,7.0
5.25,7.2
3.0,6.2
42.0,19.72
5.0,7.5
21.1,14.9
21.5,22.0
1.1,2.4
24.5,18.8
5.6,4.7
2.0,3.6
11.4,13.4
8.4,9.15
18.5,15.1
4.0,6.8
3.5,6.7
3.3,5.3
18.8,14.4
6.0,5.9
9.1,12.6
11.6,7.7
28.0,23.4
1.1,2.1
17.8,15.4
36.0,20.3
7.6,7.4
3.9,3.5
4.8,7.8
5.0,4.63
40.0,25.4
9.1,11.1
35.5,25.3
10.6,7.75
8.2,13.5
26.2,22.9
19.7,24.1
24.1,31.0
19.3,17.0
12.7,18.1
1.45,1.9
7.9,9.0
6.0,3.86
7.8,7.1
13.6,13.9
18.5,17.2
14.3,19.8
26.5,19.4
19.9,15.8
24.2,19.7
20.05,15.8
8.0,9.6
16.3,18.8
4.1,8.6
18.6,25.4
32.0,27.5
6.0,6.9
14.1,9.4
15.8,11.3
15.7,16.3
4.0,5.3
29.7,25.9
22.58,18.51
8.6,13.0
13.75,14.4
24.7,19.52
5.1,7.1
1.6,2.7
23.7,17.8
29.6,21.7
14.0,17.1
4.6,4.92
11.5,14.8
18.9,21.7
15.9,16.8
4.7,4.1
17.9,14.4
37.6,25.9
25.0,27.0
35.0,18.2
1.0,2.2
5.7,6.55
14.8,16.4
27.9,19.0
3.1,3.4
5.9,7.8
22.0,20.8
6.0,3.4
6.0,5.5
3.81,3.18
18.1,18.6
28.0,23.4
16.5,16.0
10.7,15.5
19.0,17.2
9.8,11.5
3.3,3.15
18.5,21.4
23.5,20.1
7.18,6.05
7.6,11.56
22.3,25.8
28.9,23.0
15.0,19.7
11.5,7.57
8.0,9.0
8.4,7.8
4.0,6.6
1.0,1.9
8.35,12.76
27.0,17.3
5.8,7.5
14.3,15.7
30.0,23.0
25.7,14.8
4.0,7.6
16.5,13.6
1.0,2.3
21.8,19.5
15.8,11.1
14.1,18.8
10.0,12.3
5.0,5.6
14.6,10.5
9.8,9.6
8.54,8.13
2.7,1.5
4.0,6.0
8.1,9.0
17.8,20.2
21.95,16.69
19.6,17.44
35.3,28.0
12.0,11.2
16.2,11.3
8.9,6.5
7.5,8.2
34.2,18.2
28.2,21.0
15.0,19.6
26.8,19.0
4.6,4.19
17.1,20.5
3.5,4.0
1.7,2.9
9.1,12.5
14.0,12.4
9.8,10.6
20.5,18.2
12.7,15.0
9.8,9.5
9.06,9.02
7.0,6.14
3.3,2.3
10.5,18.1
36.0,24.7
5.7,8.2
9.1,9.5
6.0,10.0
21.8,17.3
17.8,16.2
14.6,12.5
9.0,9.8
3.9,4.99
13.1,12.4
4.33,7.06
18.3,15.6
8.3,9.7
25.5,24.1
1.1,1.5
18.7,18.4
24.4,21.2
5.0,4.3
14.0,9.9
33.1,15.0
1.15,0.65
6.8,6.18
8.0,6.56
12.7,17.1
28.0,16.7
14.5,16.2
8.3,10.2
21.7,21.4
6.0,8.76
0.85,1.4
3.3,5.6
12.5,12.66
5.33,7.55
10.0,8.8
1.5,0.68
23.5,20.4
24.5,14.7
20.4,20.8
7.7,9.6
19.2,16.8
30.0,23.0
1.35,1.8
4.3,4.66
7.9,8.1
16.3,17.3
4.0,5.5
13.0,11.1
1.4,2.4
2.7,5.24
5.8,7.43
22.5,19.4
0.9,0.34
4.9,6.67
10.0,7.4
10.2,11.1
16.5,16.2
1.3,2.5
9.8,13.6
8.0,8.1
8.5,12.3
6.2,9.8
32.4,23.8
8.0,6.8
22.7,22.3
6.5,5.2
12.1,14.8
1.2,1.65
6.0,8.8
25.4,25.3
3.89,4.5
3.5,5.8
16.0,14.5
6.5,11.0
4.1,4.1
25.3,22.1
15.9,21.5
0.5,1.6
20.9,13.5
2.0,0.66
7.1,7.1
14.6,12.3
14.0,15.6
9.7,12.3
17.8,19.2
19.2,13.9
6.3,6.09
3.2,7.8
22.2,18.6
8.6,9.2
8.9,9.5
2.7,3.1
3.4,5.0
2.1,2.6
14.8,17.0
6.2,9.72
18.2,21.4
9.2,10.42
28.5,24.7
9.3,12.0
0.5,1.7
18.4,16.1
11.5,9.29
13.7,18.3
8.3,7.8
7.3,8.3
2.49,3.04
4.6,7.0
10.3,11.7
4.5,5.39
33.4,23.2
11.6,8.2
11.4,9.97
28.7,22.5
18.1,16.5
26.1,22.0
26.0,23.6
15.9,16.2
16.8,16.3
30.5,25.2
31.7,18.8
22.8,17.4
2.5,3.48
4.7,7.0
18.7,8.58
5.8,7.2
27.6,20.4
16.5,12.8
12.4,14.1
20.0,17.6
23.3,18.0
7.6,10.1
22.6,22.5
3.3,4.2
48.0,23.2
31.55,18.9
31.7,15.5
8.0,10.9
27.15,18.2
7.6,11.3
2.2,4.27
29.6,22.0
28.9,20.5
7.5,4.65
4.5,6.6
10.5,9.86
13.6,18.8
16.4,15.6
20.8,21.5
34.2,24.6
9.9,10.8
12.3,14.4
15.0,15.7
18.2,18.0
10.7,11.19
18.1,18.8
12.4,16.7
4.0,4.18
6.35,5.9
11.0,16.6
7.7,8.4
6.4,4.54
11.1,12.6
0.8,1.23
3.5,3.6
6.3,9.1
10.7,12.4
2.5,2.75
5.0,8.3
12.2,15.6
9.5,10.2
57.1,29.2
14.6,17.0
6.7,10.2
30.0,24.1
22.7,20.6
9.1,11.9
10.4,7.62
20.5,17.4
2.29,2.64
35.2,25.7
8.9,9.6
6.1,7.6
19.6,18.1
0.65,1.08
8.9,13.6
6.75,10.9
22.6,20.8
7.4,6.7
24.0,20.2
32.2,25.6
7.9,9.1
12.2,9.84
2.35,4.8
3.7,3.42
4.0,4.3
3.8,1.35
5.4,4.3
15.0,11.8
6.0,7.6
16.0,23.1
16.8,12.7
8.0,6.96
27.4,26.3
28.0,22.0
30.4,23.3
12.3,14.3
10.7,10.4
1.22,0.74
11.9,10.9
4.4,7.2
4.2,6.2
14.0,15.0
23.4,13.3
22.2,17.9
1.6,3.2
12.7,15.6
16.3,22.4
23.0,19.2
4.4,5.7
21.3,14.6
25.6,24.2
13.6,9.7
11.9,7.3
9.8,15.9
11.0,16.0
4.0,4.05
2.7,4.63
24.6,21.7
11.2,9.3
0.4,1.8
0.9,1.4
18.2,15.1
8.1,7.3
12.3,15.4
12.65,15.7
13.7,16.6
22.5,18.0
12.0,9.95
7.9,7.0
21.0,15.85
2.7,2.4
4.0,4.4
1.7,4.5
4.8,5.42
0.8,1.25
22.0,20.5
14.9,14.4
26.6,19.6
16.9,16.9
30.6,20.4
16.0,16.2
24.0,18.2
12.0,12.7
16.5,14.9
30.1,32.6
8.6,12.2
3.6,2.97
38.7,27.4
6.4,12.6
4.2,4.35
12.3,14.0
20.7,22.5
1.0,2.16
19.8,20.7
18.5,14.3
20.6,25.8
28.8,20.0
2.2,4.2
3.8,6.8
6.0,10.4
9.6,11.8
5.5,3.7
1.0,1.45
11.1,8.0
3.54,5.95
6.7,6.6
4.22,5.71
18.7,16.1
26.9,18.5
11.9,10.9
6.0,6.7
14.9,7.8
22.5,20.5
6.3,9.2
12.3,16.7
7.7,5.3
30.9,23.1
27.4,17.6
4.0,8.0
31.6,20.2
9.63,8.7
22.6,24.0
14.8,13.1
1.7,4.4
11.8,6.5
12.5,20.5
5.2,6.03
3.9,2.76
5.2,3.57
8.2,8.0
2.59,5.72
16.5,16.0
5.0,6.7
27.4,21.53
18.6,14.5
16.2,22.0
18.15,16.78
22.0,22.8
1.8,4.0
7.1,6.61
11.6,15.6
26.5,21.1
18.5,17.4
5.0,3.0
18.8,18.3
0.8,1.4
0.98,0.55
0.37,1.43
11.9,10.7
4.3,5.88
0.4,0.17
3.7,5.8
15.6,9.88
19.2,26.3
12.6,13.3
4.0,6.0
12.1,9.5
13.5,16.2
1.1,2.1
22.8,22.3
13.0,14.4
1.3,2.8
16.6,19.2
11.3,10.7
2.5,3.5
3.1,6.0
8.2,12.92
2.8,4.0
6.2,6.51
15.4,18.2
3.15,2.75
14.0,12.2
10.8,15.2
6.1,6.3
3.1,5.8
11.4,14.3
24.1,24.8
12.1,14.8
11.0,5.5
18.5,23.1
2.4,0.84
24.3,23.3
0.5,0.82
16.7,17.5
4.8,5.1
3.3,6.6
2.0,4.0
6.4,8.8
8.2,8.6
19.0,18.2
8.0,14.7
16.8,8.5
27.1,19.9
6.4,4.8
22.7,19.8
18.8,16.5
3.07,3.0
34.3,21.3
35.9,24.2
14.5,16.0
6.3,11.1
8.7,9.2
4.83,4.06
27.8,21.2
7.65,9.8
7.25,8.8
3.5,7.4
19.1,16.4
19.7,26.7
2.1,3.2
9.9,6.5
14.5,17.0
1.55,2.05
15.0,19.6
6.2,5.8
3.0,5.2
7.6,6.35
7.8,11.0
4.6,4.54
6.0,4.9
18.0,20.1
0.87,1.72
34.0,25.8
25.3,19.7
22.7,17.4
1.6,0.53
2.0,2.31
16.5,16.2
12.8,11.9
2.1,2.3
3.62,4.66
16.4,19.8
4.1,7.4
26.6,24.1
2.0,4.56
21.0,16.6
3.2,4.8
14.35,14.7
5.0,9.4
12.2,16.8
5.1,2.84
6.8,8.8
17.6,17.9
34.4,21.9
32.4,22.7
20.1,21.7
4.8,5.15
1.9,4.2
8.5,7.1
2.3,2.7
22.0,14.7
7.1,8.8
6.2,10.0
22.4,17.7
16.5,15.3
28.0,15.8
32.0,22.1
5.8,5.14
14.7,12.5
14.2,14.8
12.9,10.8
4.2,4.8
24.5,20.5
0.4,0.61
23.6,21.0
8.53,10.2
6.0,10.8
10.0,12.7
8.0,8.2
25.1,21.1
7.5,11.2
17.8,19.6
7.8,6.27
8.0,8.0
20.5,19.5
19.3,20.9
9.6,9.1
8.0,9.2
11.8,8.2
9.4,13.4
10.2,13.9
6.7,8.2
4.7,4.45
18.3,15.8
2.2,3.8
0.6,0.27
18.25,16.29
23.0,22.6
4.9,10.1
5.9,6.5
4.0,6.8
2.11,2.52
29.5,26.1
4.1,6.5
19.3,21.9
8.3,8.1
7.8,9.27
7.8,11.0
10.0,9.1
23.4,18.2
17.8,16.5
7.2,9.4
8.0,6.2
6.0,7.6
0.2,1.5
11.5,10.5
15.9,16.27
1.4,1.85
11.9,11.0
1.8,2.6
3.0,5.2
4.5,10.8
22.7,9.05
12.6,14.9
16.1,14.8
18.1,11.1
4.88,8.06
14.4,16.2
16.3,9.2
8.6,13.6
21.7,21.5
7.5,10.0
2.4,2.85
3.7,5.6
12.0,7.56
16.1,16.9
18.8,18.6
10.3,11.5
4.8,2.95
2.1,5.1
20.0,19.8
6.4,5.0
6.29,8.23
10.8,14.18
9.6,8.6
9.5,10.6
18.5,12.9
6.7,8.1
12.8,14.5
9.1,11.71
31.5,27.5
12.0,15.5
9.2,10.5
12.5,15.6
5.6,10.74
10.4,12.3
20.2,19.8
5.8,6.6
13.95,14.9
9.14,12.6
18.2,17.4
5.17,4.4
0.7,1.89
15.2,10.8
0.8,1.2
8.3,12.6
9.9,11.2
15.5,21.3
18.6,20.1
10.4,14.3
4.4,4.81
48.0,28.4
0.9,1.35
3.9,4.35
15.0,14.1
24.9,31.0
6.2,8.5
18.0,13.4
23.5,18.8
3.5,4.4
8.7,12.3
9.7,5.8
40.2,26.3
6.59,4.17
65.6,20.8
10.0,8.4
7.0,10.4
16.3,13.9
6.9,6.36
6.3,8.1
7.06,4.65
12.0,15.8
22.0,18.9
4.9,4.9
8.6,14.0
24.7,25.0
15.4,17.3
14.1,9.8
12.4,18.7
7.6,10.4
28.6,17.2
5.2,8.1
9.7,10.3
14.6,12.6
23.2,23.9
11.1,12.1
15.0,19.1
16.0,18.0
20.7,20.12
5.95,5.45
6.3,8.65
14.0,17.0
2.4,4.8
15.6,15.4
12.8,16.7
7.66,8.2
13.0,13.9
40.3,17.2
16.0,10.0
20.1,18.8
22.5,21.9
23.8,24.1
25.2,13.7
10.6,10.1
36.0,24.6
21.2,17.7
0.7,1.14
12.3,13.5
11.95,11.23
27.0,24.2
21.0,17.0
8.8,8.5
8.1,9.6
7.1,10.0
1.1,3.4
6.0,7.2
2.9,3.6
7.6,8.4
13.5,6.5
6.2,7.9
1.0,1.9
6.86,12.1
22.0,22.4
35.5,23.9
4.4,7.2
14.7,15.8
22.5,18.8
20.6,17.5
9.7,8.4
6.9,7.2
13.4,11.44
21.2,16.2
40.7,19.0
6.0,10.4
9.85,9.1
22.5,22.5
24.5,18.0
3.4,7.4
4.6,5.0
4.0,6.2
4.9,7.9
2.8,5.4
6.0,4.0
11.8,12.3
13.0,13.1
25.3,14.7
4.6,6.6
14.15,13.5
9.8,12.0
8.0,9.0
12.4,17.0
15.0,18.3
14.2,18.3
8.1,11.2
7.8,12.6
3.8,3.27
28.5,26.2
15.9,20.5
