,model_path,model_index,Complexity,Equation,ADVISE_loss,PySR_Score
0,/panfs/ccds02/nobackup/projects/hls/HLS/qzhou2/DNN/Biomass_Eurasia/Biomass_outputs_09Sep/pySR_guess/20261003_192142_qcH9Gy/,0,1,50.4679100000000,2.3861829364448477,0.0
1,/panfs/ccds02/nobackup/projects/hls/HLS/qzhou2/DNN/Biomass_Eurasia/Biomass_outputs_09Sep/pySR_guess/20261003_192142_qcH9Gy/,1,3,DBH**1.648194,1.2882236161887526,0.9158639411201278
2,/panfs/ccds02/nobackup/projects/hls/HLS/qzhou2/DNN/Biomass_Eurasia/Biomass_outputs_09Sep/pySR_guess/20261003_192142_qcH9Gy/,2,4,exp(DBH**0.5321832),2.1273607464426645,0.38866407640882544
3,/panfs/ccds02/nobackup/projects/hls/HLS/qzhou2/DNN/Biomass_Eurasia/Biomass_outputs_09Sep/pySR_guess/20261003_192142_qcH9Gy/,3,5,1.1047137**DBH*H_tree,2.4797427277387802,0.2751450207356911
4,/panfs/ccds02/nobackup/projects/hls/HLS/qzhou2/DNN/Biomass_Eurasia/Biomass_outputs_09Sep/pySR_guess/20261003_192142_qcH9Gy/,4,7,DBH**(H_tree**0.18034334) - H_tree,0.8287609920118242,0.043995467593762896
5,/panfs/ccds02/nobackup/projects/hls/HLS/qzhou2/DNN/Biomass_Eurasia/Biomass_outputs_09Sep/pySR_guess/20261003_192142_qcH9Gy/,5,9,0.15129243*1.0459944**H_tree*DBH**2,0.7642545591806765,0.008530130810220839
6,/panfs/ccds02/nobackup/projects/hls/HLS/qzhou2/DNN/Biomass_Eurasia/Biomass_outputs_09Sep/pySR_guess/20261003_192142_qcH9Gy/,6,10,0.15116301*DBH**2*exp(0.04500803*H_tree),0.7645721016545108,3.759449021550048e-07
7,/panfs/ccds02/nobackup/projects/hls/HLS/qzhou2/DNN/Biomass_Eurasia/Biomass_outputs_09Sep/pySR_guess/20261003_192142_qcH9Gy/,7,11,0.15488791*DBH*(1.0453271**H_tree*DBH - 0.5113857),0.7635033978922734,0.00038432093291642473
8,/panfs/ccds02/nobackup/projects/hls/HLS/qzhou2/DNN/Biomass_Eurasia/Biomass_outputs_09Sep/pySR_guess/20261003_192142_qcH9Gy/,8,13,0.15474962*DBH*(-0.9183737**DBH + 1.0450059**H_tree*DBH),0.7576668528271986,5.610316217724893e-05
9,/panfs/ccds02/nobackup/projects/hls/HLS/qzhou2/DNN/Biomass_Eurasia/Biomass_outputs_09Sep/pySR_guess/20261003_192142_qcH9Gy/,9,15,DBH**(H_tree**0.18034334) - H_tree + 0.44030288/(0.042082757*H_tree - 1.1758642),7.932522223904053,0.0048405523836131765
10,/panfs/ccds02/nobackup/projects/hls/HLS/qzhou2/DNN/Biomass_Eurasia/Biomass_outputs_09Sep/pySR_guess/20261003_192142_qcH9Gy/,10,17,0.15474616*1.0453141**H_tree*DBH**2 + 0.53200185/(0.04209363*H_tree - 1.1756772),6.711239705821939,0.010157341371587237
11,/panfs/ccds02/nobackup/projects/hls/HLS/qzhou2/DNN/Biomass_Eurasia/Biomass_outputs_09Sep/pySR_guess/20261003_192142_qcH9Gy/,11,19,0.15474382*1.045306**H_tree*DBH**2 + 0.09440842 + 0.5320019/(0.042092666*H_tree - 1.1757636),7.220969338561937,9.366724479036627e-06
12,/panfs/ccds02/nobackup/projects/hls/HLS/qzhou2/DNN/Biomass_Eurasia/Biomass_outputs_09Sep/pySR_guess/20261003_192142_qcH9Gy/,12,21,1.045306**H_tree*DBH*(0.44013298**DBH + 0.15474382*DBH) + 0.5320019/(0.042092666*H_tree - 1.1757636),7.220537392812071,4.882285484555893e-05
13,/panfs/ccds02/nobackup/projects/hls/HLS/qzhou2/DNN/Biomass_Eurasia/Biomass_outputs_09Sep/pySR_guess/20261003_192142_qcH9Gy/,13,23,1.045306**H_tree*DBH*(0.44013298**(DBH**1.045306) + 0.15474382*DBH) + 0.5320019/(0.042092666*H_tree - 1.1757636),7.22051776053877,6.460501723529977e-08
14,/panfs/ccds02/nobackup/projects/hls/HLS/qzhou2/DNN/Biomass_Eurasia/Biomass_outputs_09Sep/pySR_guess/20261003_192142_qcH9Gy/,14,24,(0.16216065*DBH*(-0.94495976**(1.2528538**H_tree) + DBH) + 0.15735851/(0.042091843*H_tree - 1.1758782))*exp(0.042082757*H_tree),7.609917113636744,0.0005139357773545516
15,/panfs/ccds02/nobackup/projects/hls/HLS/qzhou2/DNN/Biomass_Eurasia/Biomass_outputs_09Sep/pySR_guess/20261003_192142_qcH9Gy/,15,26,(0.16189523*DBH*(-0.9563277**(1.2528538**H_tree) + DBH) + 0.18627433 + 0.18627433/(0.042091843*H_tree - 1.1752577))*exp(0.042091843*H_tree),6.057357788936501,8.300237985069834e-05
16,/panfs/ccds02/nobackup/projects/hls/HLS/qzhou2/DNN/Biomass_Eurasia/Biomass_outputs_09Sep/pySR_guess/20261003_192142_qcH9Gy/,16,27,(0.16216065*DBH*(DBH - exp(-0.18627433*1.1752577**(1.1752577**H_tree))) + 0.15735851/(0.042091843*H_tree - 1.1758782))*exp(0.042082757*H_tree),7.6100739401267194,6.759277608098606e-05
17,/panfs/ccds02/nobackup/projects/hls/HLS/qzhou2/DNN/Biomass_Eurasia/Biomass_outputs_09Sep/pySR_guess/20261003_192142_qcH9Gy/,17,28,(0.1618918*DBH*(DBH - exp(-0.1848988*exp(0.17411584*1.1758782**H_tree))) + 0.15735851/(0.042091843*H_tree - 1.1758782))*exp(0.042082757*H_tree),7.609441569252463,1.9622479338431824e-05
18,/panfs/ccds02/nobackup/projects/hls/HLS/qzhou2/DNN/Biomass_Eurasia/Biomass_outputs_09Sep/pySR_guess/20261003_192142_qcH9Gy/,18,29,(0.16189523*DBH*(DBH - exp(-0.18627433*1.1752577**(1.1752577**H_tree))) + 0.18627433 + 0.18627433/(0.042091843*H_tree - 1.1752577))*exp(0.042051047*H_tree),6.050471847589079,0.00021865344129454978
19,/panfs/ccds02/nobackup/projects/hls/HLS/qzhou2/DNN/Biomass_Eurasia/Biomass_outputs_09Sep/pySR_guess/20261003_192044_IweXg8/,19,1,49.9140550000000,2.3871963394423545,0.0
20,/panfs/ccds02/nobackup/projects/hls/HLS/qzhou2/DNN/Biomass_Eurasia/Biomass_outputs_09Sep/pySR_guess/20261003_192044_IweXg8/,20,3,DBH**1.6492867,1.2857061613888014,0.9237935227804387
21,/panfs/ccds02/nobackup/projects/hls/HLS/qzhou2/DNN/Biomass_Eurasia/Biomass_outputs_09Sep/pySR_guess/20261003_192044_IweXg8/,21,5,0.213827222899698*DBH**2.173477,1.0243435681751214,0.19846294098128262
22,/panfs/ccds02/nobackup/projects/hls/HLS/qzhou2/DNN/Biomass_Eurasia/Biomass_outputs_09Sep/pySR_guess/20261003_192044_IweXg8/,22,7,0.0473255710944086*DBH**2.664463,1.2371925529135461,0.03215231235010562
23,/panfs/ccds02/nobackup/projects/hls/HLS/qzhou2/DNN/Biomass_Eurasia/Biomass_outputs_09Sep/pySR_guess/20261003_192044_IweXg8/,23,8,0.12531397*DBH*log(H_tree**DBH),0.8056732892392265,0.15019334006821122
24,/panfs/ccds02/nobackup/projects/hls/HLS/qzhou2/DNN/Biomass_Eurasia/Biomass_outputs_09Sep/pySR_guess/20261003_192044_IweXg8/,24,9,0.0179464718971933*DBH**2.005084*H_tree,0.8364646329650244,0.0907582841181165
25,/panfs/ccds02/nobackup/projects/hls/HLS/qzhou2/DNN/Biomass_Eurasia/Biomass_outputs_09Sep/pySR_guess/20261003_192044_IweXg8/,25,11,0.0315081107776371*(DBH**2*H_tree)**0.94345015,0.8142803702735627,0.02255999413900422
26,/panfs/ccds02/nobackup/projects/hls/HLS/qzhou2/DNN/Biomass_Eurasia/Biomass_outputs_09Sep/pySR_guess/20261003_192044_IweXg8/,26,19,DBH + 0.0120892905632798*DBH**2.102299*H_tree - 1.9730359,0.7957048726926649,0.0020305481072641937
